#languageTag	#level	#worksheet	#problemNo	#sequenceType	#voiceSource	#problemSentence	#exampleNumber1	#exampleNumber2	#exampleNumber3	#exampleNumber4	#exampleWord1	#exampleWord2	#exampleWord3	#exampleWord4	#rightFormula	#rightAnswer	#objectValueA	#objectValueB	#objectValueC	#objectValueD	#equationValueA	#equationValueB	#equationSign	#equationUnknown	#objectSourceA	#objectSourceB	#objectSourceC	#objectSourceD
ms-MY	1	1	1	1	en_uk_a1_07.m4a	Ayam Amir bertelur 6 biji semalam dan 3 biji hari ini. Berapakah jumlah telur yang dihasilkan oleh ayam Amir?	6	7	8	9	biji	biji	biji	biji	6 + 3 = <9>	4	6	3	0	0					wordwindow-stone-yellow.png	wordwindow-stone-red.png		
ms-MY	1	1	2	1	en_uk_a1_02.m4a	2 ekor burung duduk di atas pagar. 4 ekor burung lagi datang menyertai mereka. Berapakah jumlah burung di atas pagar sekarang?	6	7	8	9	ekor	ekor	ekor	ekor	2 + 4 = <6>	1	2	4	0	0					wordwindow-stone-red.png	wordwindow-stone-blue.png		
ms-MY	1	1	3	1	en_uk_a1_03.m4a	Siti mendapat stiker bintang ketika membuat latihan Matematik di sekolah. Semalam, Siti mendapat 4 bintang. Hari ini, Siti mendapat 3 bintang lagi. Siti ada berapa bintang sekarang?	6	7	8	9	bintang	bintang	bintang	bintang	4 + 3 = <7>	2	4	3	0	0					wordwindow-stone-blue.png	wordwindow-stone-green.png		
ms-MY	1	1	4	1	en_uk_a1_05.m4a	Ali ada 6 buah buku. Amir ada 2 buah buku. Berapakah jumlah buku yang mereka ada?	3	5	7	8	buah	buah	buah	buah	6 + 2 = <8>	4	6	2	0	0					wordwindow-stone-yellow.png	wordwindow-stone-green.png		
ms-MY	1	1	5	1	en_uk_a1_06.m4a	Mei masak 3 biji ubi pada waktu pagi dan 5 biji ubi pada waktu petang. Berapakah jumlah ubi yang dimasak oleh Mei?	4	6	8	10	biji	biji	biji	biji	3 + 5 = <8>	3	3	5	0	0					wordwindow-stone-green.png	wordwindow-stone-red.png		
ms-MY	1	2	1	1	en_uk_a1_05.m4a	Ali ada 6 buah buku. Amir ada 2 buah buku. Berapakah jumlah buku yang mereka ada?	3	5	7	8	buah	buah	buah	buah	6 + 2 = <8>	4	6	2	0	0					wordwindow-stone-yellow.png	wordwindow-stone-green.png		
ms-MY	1	2	2	1	en_uk_a1_06.m4a	Mei masak 3 biji ubi pada waktu pagi dan 5 biji ubi pada waktu petang. Berapakah jumlah ubi yang dimasak oleh Mei?	4	6	8	10	biji	biji	biji	biji	3 + 5 = <8>	3	3	5	0	0					wordwindow-stone-green.png	wordwindow-stone-red.png		
ms-MY	1	2	3	1	en_uk_a1_08.m4a	Di dalam bakul ada 7 biji epal merah dan 2 biji epal hijau. Berapakah jumlah epal di dalam bakul?	6	7	8	9	biji	biji	biji	biji	7 + 2 = <9>	4	7	2	0	0					wordwindow-stone-red.png	wordwindow-stone-green.png		
ms-MY	1	2	4	1	en_uk_a1_01.m4a	Kavita menangkap 5 ekor ikan pada waktu pagi. Kavita menangkap 4 ekor ikan lagi pada waktu petang. Berapakah jumlah ikan yang ditangkap oleh Kavita?	6	7	8	9	ekor	ekor	ekor	ekor	5 + 4 = <9>	4	5	4	0	0					wordwindow-stone-red.png	wordwindow-stone-yellow.png		
ms-MY	1	2	5	1	en_uk_a1_03.m4a	Siti mendapat stiker bintang ketika membuat latihan Matematik di sekolah. Semalam, Siti mendapat 4 bintang. Hari ini, Siti mendapat 3 bintang lagi. Siti ada berapa bintang sekarang?	6	7	8	9	bintang	bintang	bintang	bintang	4 + 3 = <7>	2	4	3	0	0					wordwindow-stone-blue.png	wordwindow-stone-green.png		
ms-MY	1	3	1	1	en_uk_a1_08.m4a	Di dalam bakul ada 7 biji epal merah dan 2 biji epal hijau. Berapakah jumlah epal di dalam bakul?	6	7	8	9	biji	biji	biji	biji	7 + 2 = <9>	4	7	2	0	0					wordwindow-stone-red.png	wordwindow-stone-green.png		
ms-MY	1	3	2	1	en_uk_a1_07.m4a	Ayam Amir bertelur 6 biji semalam dan 3 biji hari ini. Berapakah jumlah telur yang dihasilkan oleh ayam Amir?	6	7	8	9	biji	biji	biji	biji	6 + 3 = <9>	4	6	3	0	0					wordwindow-stone-yellow.png	wordwindow-stone-red.png		
ms-MY	1	3	3	1	en_uk_a1_03.m4a	Siti mendapat stiker bintang ketika membuat latihan Matematik di sekolah. Semalam, Siti mendapat 4 bintang. Hari ini, Siti mendapat 3 bintang lagi. Siti ada berapa bintang sekarang?	6	7	8	9	bintang	bintang	bintang	bintang	4 + 3 = <7>	2	4	3	0	0					wordwindow-stone-blue.png	wordwindow-stone-green.png		
ms-MY	1	3	4	1	en_uk_a1_05.m4a	Ali ada 6 buah buku. Amir ada 2 buah buku. Berapakah jumlah buku yang mereka ada?	3	5	7	8	buah	buah	buah	buah	6 + 2 = <8>	4	6	2	0	0					wordwindow-stone-yellow.png	wordwindow-stone-green.png		
ms-MY	1	3	5	1	en_uk_a1_01.m4a	Kavita menangkap 5 ekor ikan pada waktu pagi. Kavita menangkap 4 ekor ikan lagi pada waktu petang. Berapakah jumlah ikan yang ditangkap oleh Kavita?	6	7	8	9	ekor	ekor	ekor	ekor	5 + 4 = <9>	4	5	4	0	0					wordwindow-stone-red.png	wordwindow-stone-yellow.png		
ms-MY	2	1	1	4	en_uk_d3_02.m4a	Ravi ada 2 biji guli. Aini ada 3 biji guli lebih daripada Ravi. Aini ada berapa biji guli?	2	3	5	8	biji	biji	biji	biji	2 + 3 = <5>	3	2	5	0	0					wordwindow-stone-red.png	wordwindow-stone-blue.png		
ms-MY	2	1	2	4	en_uk_d3_03.m4a	Hao ada 4 keping setem. Ming ada 5 keping setem lebih daripada Hao. Ming ada berapa keping setem?	4	5	9	11	keping	keping	keping	keping	4 + 5 = <9>	3	4	9	0	0					wordwindow-stone-blue.png	wordwindow-stone-green.png		
ms-MY	2	1	3	4	en_uk_d3_08.m4a	Kotak pertama ada 5 biji bola. Kotak kedua ada 4 biji bola lebih banyak daripada kotak pertama. Berapa biji bola ada di dalam kotak kedua?	5	9	14	15	biji	biji	biji	biji	5 + 4 = <9>	2	5	9	0	0					wordwindow-stone-yellow.png	wordwindow-stone-red.png		
ms-MY	2	1	4	4	en_uk_d3_04.m4a	Ali membeli sebuah buku. Amir membeli 3 buah buku lebih banyak daripada Ali. Amir membeli berapa buah buku?	3	4	5	6	buah	buah	buah	buah	1 + 3 = <4>	2	4	1	0	0					wordwindow-stone-yellow.png	wordwindow-stone-blue.png		
ms-MY	2	1	5	4	en_uk_d3_05.m4a	Aini ada 3 biji gula-gula. Siti ada 5 biji gula-gula lebih banyak daripada Aini. Siti ada berapa biji gula-gula?	6	7	8	9	biji	biji	biji	biji	3 + 5 = <8>	3	8	3	0	0					wordwindow-stone-yellow.png	wordwindow-stone-green.png		
ms-MY	2	2	1	4	en_uk_d3_03.m4a	Hao ada 4 keping setem. Ming ada 5 keping setem lebih daripada Hao. Ming ada berapa keping setem?	4	5	9	11	keping	keping	keping	keping	4 + 5 = <9>	3	4	9	0	0					wordwindow-stone-blue.png	wordwindow-stone-green.png		
ms-MY	2	2	2	4	en_uk_d3_07.m4a	Kumar ada 2 ekor kambing di ladangnya. Dia ada 6 ekor ayam lebih banyak daripada kambing. Kumar ada berapa ekor ayam?	2	6	8	12	ekor	ekor	ekor	ekor	2 + 6 = <8>	3	2	8	0	0					wordwindow-stone-red.png	wordwindow-stone-green.png		
ms-MY	2	2	3	4	en_uk_d3_01.m4a	Mei berumur 5 tahun. Lina 2 tahun lebih tua daripada Mei. Berapakah umur Lina?	2	5	7	9	tahun	tahun	tahun	tahun	5 + 2 = <7>	3	5	7	0	0					wordwindow-stone-red.png	wordwindow-stone-yellow.png		
ms-MY	2	2	4	4	en_uk_d3_06.m4a	Pejabat sekolah ada 2 buah meja. Perpustakaan ada 5 buah meja lebih banyak daripada pejabat sekolah. Perpustakaan ada berapa buah meja?	5	7	9	11	buah	buah	buah	buah	2 + 5 = <7>	2	7	2	0	0					wordwindow-stone-green.png	wordwindow-stone-red.png		
ms-MY	2	2	5	4	en_uk_d3_04.m4a	Ali membeli sebuah buku. Amir membeli 3 buah buku lebih banyak daripada Ali. Amir membeli berapa buah buku?	3	4	5	6	buah	buah	buah	buah	1 + 3 = <4>	2	4	1	0	0					wordwindow-stone-yellow.png	wordwindow-stone-blue.png		
ms-MY	2	3	1	4	en_uk_d3_01.m4a	Mei berumur 5 tahun. Lina 2 tahun lebih tua daripada Mei. Berapakah umur Lina?	2	5	7	9	tahun	tahun	tahun	tahun	5 + 2 = <7>	3	5	7	0	0					wordwindow-stone-red.png	wordwindow-stone-yellow.png		
ms-MY	2	3	2	4	en_uk_d3_03.m4a	Hao ada 4 keping setem. Ming ada 5 keping setem lebih daripada Hao. Ming ada berapa keping setem?	4	5	9	11	keping	keping	keping	keping	4 + 5 = <9>	3	4	9	0	0					wordwindow-stone-blue.png	wordwindow-stone-green.png		
ms-MY	2	3	3	4	en_uk_d3_02.m4a	Ravi ada 2 biji guli. Aini ada 3 biji guli lebih daripada Ravi. Aini ada berapa biji guli?	2	3	5	8	biji	biji	biji	biji	2 + 3 = <5>	3	2	5	0	0					wordwindow-stone-red.png	wordwindow-stone-blue.png		
ms-MY	2	3	4	4	en_uk_d3_05.m4a	Aini ada 3 biji gula-gula. Siti ada 5 biji gula-gula lebih banyak daripada Aini. Siti ada berapa biji gula-gula?	6	7	8	9	biji	biji	biji	biji	3 + 5 = <8>	3	8	3	0	0					wordwindow-stone-yellow.png	wordwindow-stone-green.png		
ms-MY	2	3	5	4	en_uk_d3_06.m4a	Pejabat sekolah ada 2 buah meja. Perpustakaan ada 5 buah meja lebih banyak daripada pejabat sekolah. Perpustakaan ada berapa buah meja?	5	7	9	11	buah	buah	buah	buah	2 + 5 = <7>	2	7	2	0	0					wordwindow-stone-green.png	wordwindow-stone-red.png		
ms-MY	3	1	1	2	en_uk_b1_03.m4a	4 ekor burung sedang berehat di atas dahan. Seekor burung terbang pergi. Berapakah bilangan burung yang tinggal di atas dahan?	2	3	4	5	ekor	ekor	ekor	ekor	4 - 1 = <3>	2	4	1	0	0					wordwindow-stone-blue.png	wordwindow-stone-green.png		
ms-MY	3	1	2	2	en_uk_b1_10.m4a	9 layang-layang terbang di langit. 3 layang-layang jatuh ke tanah. Berapakah bilangan layang-layang yang masih terbang di langit?	5	6	7	8	layang-layang	layang-layang	layang-layang	layang-layang	9 - 3 = <6>	2	9	3	0	0					wordwindow-stone-blue.png	wordwindow-stone-yellow.png		
ms-MY	3	1	3	2	en_uk_b1_01.m4a	Ali ada 5 biji epal. Dia makan 2 biji epal. Ali masih ada berapa biji epal?	2	3	4	5	biji	biji	biji	biji	5 - 2  = <3>	2	5	2	0	0					wordwindow-stone-red.png	wordwindow-stone-yellow.png		
ms-MY	3	1	4	2	en_uk_b1_04.m4a	Aini membeli 8 buku roti. Dia memberikan 3 buku roti kepada sepupunya. Aini masih ada berapa buku roti?	8	7	6	5	buku	buku	buku	buku	8 - 3 = <5>	4	8	3	0	0					wordwindow-stone-yellow.png	wordwindow-stone-blue.png		
ms-MY	3	1	5	2	en_uk_b1_08.m4a	Mei membuat 4 utas gelang. Dia memberikan 2 utas gelang kepada rakannya. Mei masih ada berapa utas gelang?	1	2	3	4	utas	utas	utas	utas	4 - 2 = <2>	2	4	2	0	0					wordwindow-stone-yellow.png	wordwindow-stone-red.png		
ms-MY	3	2	1	2	en_uk_b1_02.m4a	Siti ada 7 keping biskut. Dia makan 2 keping biskut. Siti masih ada berapa keping biskut?	3	4	5	6	keping	keping	keping	keping	7 - 2 = <5>	3	7	2	0	0					wordwindow-stone-red.png	wordwindow-stone-blue.png		
ms-MY	3	2	2	2	en_uk_b1_04.m4a	Aini membeli 8 buku roti. Dia memberikan 3 buku roti kepada sepupunya. Aini masih ada berapa buku roti?	8	7	6	5	buku	buku	buku	buku	8 - 3 = <5>	4	8	3	0	0					wordwindow-stone-yellow.png	wordwindow-stone-blue.png		
ms-MY	3	2	3	2	en_uk_b1_05.m4a	Kavita ada 9 utas gelang. 2 utas gelang hilang. Kavita masih ada berapa utas gelang?	9	7	5	3	utas	utas	utas	utas	9 - 2 = <7>	2	9	2	0	0					wordwindow-stone-yellow.png	wordwindow-stone-green.png		
ms-MY	3	2	4	2	en_uk_b1_10.m4a	9 layang-layang terbang di langit. 3 layang-layang jatuh ke tanah. Berapakah bilangan layang-layang yang masih terbang di langit?	5	6	7	8	layang-layang	layang-layang	layang-layang	layang-layang	9 - 3 = <6>	2	9	3	0	0					wordwindow-stone-blue.png	wordwindow-stone-yellow.png		
ms-MY	3	2	5	2	en_uk_b1_02.m4a	Siti ada 7 keping biskut. Dia makan 2 keping biskut. Siti masih ada berapa keping biskut?	3	4	5	6	keping	keping	keping	keping	7 - 2 = <5>	3	7	2	0	0					wordwindow-stone-red.png	wordwindow-stone-blue.png		
ms-MY	3	3	1	2	en_uk_b1_01.m4a	Ali ada 5 biji epal. Dia makan 2 biji epal. Ali masih ada berapa biji epal?	2	3	4	5	biji	biji	biji	biji	5 - 2  = <3>	2	5	2	0	0					wordwindow-stone-red.png	wordwindow-stone-yellow.png		
ms-MY	3	3	2	2	en_uk_b1_04.m4a	Aini membeli 8 buku roti. Dia memberikan 3 buku roti kepada sepupunya. Aini masih ada berapa buku roti?	8	7	6	5	buku	buku	buku	buku	8 - 3 = <5>	4	8	3	0	0					wordwindow-stone-yellow.png	wordwindow-stone-blue.png		
ms-MY	3	3	3	2	en_uk_b1_05.m4a	Kavita ada 9 utas gelang. 2 utas gelang hilang. Kavita masih ada berapa utas gelang?	9	7	5	3	utas	utas	utas	utas	9 - 2 = <7>	2	9	2	0	0					wordwindow-stone-yellow.png	wordwindow-stone-green.png		
ms-MY	3	3	4	2	en_uk_b1_10.m4a	9 layang-layang terbang di langit. 3 layang-layang jatuh ke tanah. Berapakah bilangan layang-layang yang masih terbang di langit?	5	6	7	8	layang-layang	layang-layang	layang-layang	layang-layang	9 - 3 = <6>	2	9	3	0	0					wordwindow-stone-blue.png	wordwindow-stone-yellow.png		
ms-MY	3	3	5	2	en_uk_b1_02.m4a	Siti ada 7 keping biskut. Dia makan 2 keping biskut. Siti masih ada berapa keping biskut?	3	4	5	6	keping	keping	keping	keping	7 - 2 = <5>	3	7	2	0	0					wordwindow-stone-red.png	wordwindow-stone-blue.png		
ms-MY	4	1	1	4	en_uk_d1_03.m4a	Di atas pokok ada 6 ekor burung dan 3 buah sarang. Burung lebih berapa ekor daripada sarang?	3	6	9	12	ekor	ekor	ekor	ekor	6 - 3 = <3>	1	6	3	0	0					wordwindow-stone-blue.png	wordwindow-stone-green.png		
ms-MY	4	1	2	4	en_uk_d1_09.m4a	Hao berjalan 4 kilometer ke sekolah. Ming berjalan 2 kilometer ke sekolah. Hao berjalan berapa kilometer lebih jauh daripada Ming?	2	4	6	8	kilometer	kilometer	kilometer	kilometer	4 - 2 = <2>	1	4	2	0	0					wordwindow-stone-blue.png	wordwindow-stone-red.png		
ms-MY	4	1	3	4	en_uk_d1_01.m4a	Mei berumur 9 tahun. Lina berumur 6 tahun. Berapakah beza umur Mei dan Lina?	3	6	9	12	tahun	tahun	tahun	tahun	9 - 6  = <3>	1	9	6	0	0					wordwindow-stone-red.png	wordwindow-stone-yellow.png		
ms-MY	4	1	4	4	en_uk_d1_05.m4a	Ali makan 7 keping biskut. Amir makan 2 keping biskut. Ali makan berapa keping biskut lebih daripada Amir?	3	5	7	9	keping	keping	keping	keping	7 - 2 = <5>	2	7	2	0	0					wordwindow-stone-yellow.png	wordwindow-stone-green.png		
ms-MY	4	1	5	4	en_uk_d1_06.m4a	Ali menanam 5 pohon pokok di taman sekolah. Aini menanam 8 pohon pokok. Aini menanam berapa pohon pokok lebih daripada Ali?	3	5	8	10	pohon	pohon	pohon	pohon	8 - 5 = <3>	1	5	8	0	0					wordwindow-stone-green.png	wordwindow-stone-red.png		
ms-MY	4	2	1	4	en_uk_d1_04.m4a	Di atas meja ada 5 biji cawan dan 7 biji pinggan. Pinggan lebih berapa biji daripada cawan?	2	5	9	14	biji	biji	biji	biji	7 - 5 = <2>	1	5	7	0	0					wordwindow-stone-yellow.png	wordwindow-stone-blue.png		
ms-MY	4	2	2	4	en_uk_d1_10.m4a	Semalam, Kumar membuat 3 muka surat kerja rumah Matematik. Hari ini, Kumar membuat 9 muka surat. Kumar membuat berapa muka surat lebih hari ini?	3	6	9	12	muka surat	muka surat	muka surat	muka surat	9 - 3 = <6>	2	3	9	0	0					wordwindow-stone-blue.png	wordwindow-stone-yellow.png		
ms-MY	4	2	3	4	en_uk_d1_02.m4a	Ravi ada 7 biji belon. Ali ada 5 biji belon. Ravi ada berapa biji belon lebih daripada Ali?	2	5	7	9	biji	biji	biji	biji	7 - 5 = <2>	1	7	5	0	0					wordwindow-stone-red.png	wordwindow-stone-blue.png		
ms-MY	4	2	4	4	en_uk_d1_06.m4a	Ali menanam 5 pohon pokok di taman sekolah. Aini menanam 8 pohon pokok. Aini menanam berapa pohon pokok lebih daripada Ali?	3	5	8	10	pohon	pohon	pohon	pohon	8 - 5 = <3>	1	5	8	0	0					wordwindow-stone-green.png	wordwindow-stone-red.png		
ms-MY	4	2	5	4	en_uk_d1_07.m4a	Di kebun ada 6 ekor kumbang dan 4 ekor rama-rama. Rama-rama kurang berapa ekor daripada kumbang?	2	4	6	8	ekor	ekor	ekor	ekor	6 - 4 = <2>	1	6	4	0	0					wordwindow-stone-red.png	wordwindow-stone-green.png		
ms-MY	4	3	1	4	en_uk_d1_02.m4a	Ravi ada 7 biji belon. Ali ada 5 biji belon. Ravi ada berapa biji belon lebih daripada Ali?	2	5	7	9	biji	biji	biji	biji	7 - 5 = <2>	1	7	5	0	0					wordwindow-stone-red.png	wordwindow-stone-blue.png		
ms-MY	4	3	2	4	en_uk_d1_08.m4a	Mei membaca 3 buah buku. Siti membaca 5 buah buku. Siti membaca berapa buah buku lebih daripada Mei?	2	3	5	7	buah	buah	buah	buah	5 - 3 = <2>	1	3	5	0	0					wordwindow-stone-yellow.png	wordwindow-stone-red.png		
ms-MY	4	3	3	4	en_uk_d1_03.m4a	Di atas pokok ada 6 ekor burung dan 3 buah sarang. Burung lebih berapa ekor daripada sarang?	3	6	9	12	ekor	ekor	ekor	ekor	6 - 3 = <3>	1	6	3	0	0					wordwindow-stone-blue.png	wordwindow-stone-green.png		
ms-MY	4	3	4	4	en_uk_d1_07.m4a	Di kebun ada 6 ekor kumbang dan 4 ekor rama-rama. Rama-rama kurang berapa ekor daripada kumbang?	2	4	6	8	ekor	ekor	ekor	ekor	6 - 4 = <2>	1	6	4	0	0					wordwindow-stone-red.png	wordwindow-stone-green.png		
ms-MY	4	3	5	4	en_uk_d1_05.m4a	Ali makan 7 keping biskut. Amir makan 2 keping biskut. Ali makan berapa keping biskut lebih daripada Amir?	3	5	7	9	keping	keping	keping	keping	7 - 2 = <5>	2	7	2	0	0					wordwindow-stone-yellow.png	wordwindow-stone-green.png		
ms-MY	5	1	1	1	en_uk_a1_08.m4a	Di dalam bakul ada 7 biji epal merah dan 2 biji epal hijau. Berapakah jumlah epal di dalam bakul?	6	7	8	9	biji	biji	biji	biji	7 + 2 = <9>	4	7	2	0	0					wordwindow-stone-red.png	wordwindow-stone-green.png		
ms-MY	5	1	2	1	en_uk_a1_01.m4a	Kavita menangkap 5 ekor ikan pada waktu pagi. Kavita menangkap 4 ekor ikan lagi pada waktu petang. Berapakah jumlah ikan yang ditangkap oleh Kavita?	6	7	8	9	ekor	ekor	ekor	ekor	5 + 4 = <9>	4	5	4	0	0					wordwindow-stone-red.png	wordwindow-stone-yellow.png		
ms-MY	5	1	3	1	en_uk_a1_10.m4a	Kumar mendapat 3 helai baju baharu pada hari lahirnya. Kumar sudah ada 5 helai baju. Kumar ada berapa helai baju sekarang?	6	7	8	9	helai	helai	helai	helai	3 + 5 = <8>	3	3	5	0	0					wordwindow-stone-blue.png	wordwindow-stone-yellow.png		
ms-MY	5	1	4	1	en_uk_a1_09.m4a	Lina mengira 12 ekor burung di atas pokok. Lina juga mengira 7 ekor burung di padang. Berapakah jumlah burung yang dikira oleh Lina?	17	18	19	20	ekor	ekor	ekor	ekor	12 + 7 = <19>	3	12	7	0	0					wordwindow-stone-blue.png	wordwindow-stone-red.png		
ms-MY	5	1	5	1	en_uk_a1_04.m4a	Di dalam tangki ada 14 ekor ikan. Kavita masukkan 3 ekor ikan lagi ke dalam tangki. Berapakah jumlah ikan di dalam tangki sekarang?	14	15	16	17	ekor	ekor	ekor	ekor	14 + 3 = <17>	4	14	3	0	0					wordwindow-stone-yellow.png	wordwindow-stone-blue.png		
ms-MY	5	2	1	1	en_uk_a1_05.m4a	Ali ada 6 buah buku. Amir ada 2 buah buku. Berapakah jumlah buku yang mereka ada?	3	5	7	8	buah	buah	buah	buah	6 + 2 = <8>	4	6	2	0	0					wordwindow-stone-yellow.png	wordwindow-stone-green.png		
ms-MY	5	2	2	1	en_uk_a1_03.m4a	Siti mendapat stiker bintang ketika membuat latihan Matematik di sekolah. Semalam, Siti mendapat 4 bintang. Hari ini, Siti mendapat 3 bintang lagi. Siti ada berapa bintang sekarang?	6	7	8	9	bintang	bintang	bintang	bintang	4 + 3 = <7>	2	4	3	0	0					wordwindow-stone-blue.png	wordwindow-stone-green.png		
ms-MY	5	2	3	1	en_uk_a1_08.m4a	Di dalam bakul ada 7 biji epal merah dan 2 biji epal hijau. Berapakah jumlah epal di dalam bakul?	6	7	8	9	biji	biji	biji	biji	7 + 2 = <9>	4	7	2	0	0					wordwindow-stone-red.png	wordwindow-stone-green.png		
ms-MY	5	2	4	1	en_uk_a1_04.m4a	Di dalam tangki ada 14 ekor ikan. Kavita masukkan 3 ekor ikan lagi ke dalam tangki. Berapakah jumlah ikan di dalam tangki sekarang?	14	15	16	17	ekor	ekor	ekor	ekor	14 + 3 = <17>	4	14	3	0	0					wordwindow-stone-yellow.png	wordwindow-stone-blue.png		
ms-MY	5	2	5	1	en_uk_a1_09.m4a	Lina mengira 12 ekor burung di atas pokok. Lina juga mengira 7 ekor burung di padang. Berapakah jumlah burung yang dikira oleh Lina?	17	18	19	20	ekor	ekor	ekor	ekor	12 + 7 = <19>	3	12	7	0	0					wordwindow-stone-blue.png	wordwindow-stone-red.png		
ms-MY	6	1	1	4	en_uk_d3_03.m4a	Hao ada 4 keping setem. Ming ada 5 keping setem lebih daripada Hao. Ming ada berapa keping setem?	4	5	9	11	keping	keping	keping	keping	4 + 5 = <9>	3	4	9	0	0					wordwindow-stone-blue.png	wordwindow-stone-green.png		
ms-MY	6	1	2	4	en_uk_d3_06.m4a	Pejabat sekolah ada 2 buah meja. Perpustakaan ada 5 buah meja lebih banyak daripada pejabat sekolah. Perpustakaan ada berapa buah meja?	5	7	9	11	buah	buah	buah	buah	2 + 5 = <7>	2	7	2	0	0					wordwindow-stone-green.png	wordwindow-stone-red.png		
ms-MY	6	1	3	4	en_uk_d3_08.m4a	Kotak pertama ada 5 biji bola. Kotak kedua ada 4 biji bola lebih banyak daripada kotak pertama. Berapa biji bola ada di dalam kotak kedua?	5	9	14	15	biji	biji	biji	biji	5 + 4 = <9>	2	5	9	0	0					wordwindow-stone-yellow.png	wordwindow-stone-red.png		
ms-MY	6	1	4	4	en_uk_d3_09.m4a	Di meja makan ada 5 biji pinggan. 10 orang dijemput makan. Berapa biji pinggan lagi diperlukan?	10	15	20	25	biji	biji	biji	biji	10 + 5 = <15>	2	10	15	0	0					wordwindow-stone-blue.png	wordwindow-stone-red.png		
ms-MY	6	1	5	4	en_uk_d3_10.m4a	Bilik darjah Cikgu Mimi ada 14 buah kerusi. Bilik darjah Cikgu Ali ada 3 buah kerusi lebih banyak daripada bilik darjah Cikgu Mimi. Bilik darjah Cikgu Ali ada berapa buah kerusi?	11	14	17	20	buah	buah	buah	buah	14 + 3 = <17>	3	14	17	0	0					wordwindow-stone-blue.png	wordwindow-stone-yellow.png		
ms-MY	6	2	1	4	en_uk_d3_07.m4a	Kumar ada 2 ekor kambing di ladangnya. Dia ada 6 ekor ayam lebih banyak daripada kambing. Kumar ada berapa ekor ayam?	2	6	8	12	ekor	ekor	ekor	ekor	2 + 6 = <8>	3	2	8	0	0					wordwindow-stone-red.png	wordwindow-stone-green.png		
ms-MY	6	2	2	4	en_uk_d3_05.m4a	Aini ada 3 biji gula-gula. Siti ada 5 biji gula-gula lebih banyak daripada Aini. Siti ada berapa biji gula-gula?	6	7	8	9	biji	biji	biji	biji	3 + 5 = <8>	3	8	3	0	0					wordwindow-stone-yellow.png	wordwindow-stone-green.png		
ms-MY	6	2	3	4	en_uk_d3_02.m4a	Ravi ada 2 biji guli. Aini ada 3 biji guli lebih daripada Ravi. Aini ada berapa biji guli?	2	3	5	8	biji	biji	biji	biji	2 + 3 = <5>	3	2	5	0	0					wordwindow-stone-red.png	wordwindow-stone-blue.png		
ms-MY	6	2	4	4	en_uk_d3_10.m4a	Bilik darjah Cikgu Mimi ada 14 buah kerusi. Bilik darjah Cikgu Ali ada 3 buah kerusi lebih banyak daripada bilik darjah Cikgu Mimi. Bilik darjah Cikgu Ali ada berapa buah kerusi?	11	14	17	20	buah	buah	buah	buah	14 + 3 = <17>	3	14	17	0	0					wordwindow-stone-blue.png	wordwindow-stone-yellow.png		
ms-MY	6	2	5	4	en_uk_d3_09.m4a	Di meja makan ada 5 biji pinggan. 10 orang dijemput makan. Berapa biji pinggan lagi diperlukan?	10	15	20	25	biji	biji	biji	biji	10 + 5 = <15>	2	10	15	0	0					wordwindow-stone-blue.png	wordwindow-stone-red.png		
ms-MY	7	1	1	2	en_uk_b1_04.m4a	Aini membeli 8 buku roti. Dia memberikan 3 buku roti kepada sepupunya. Aini masih ada berapa buku roti?	8	7	6	5	buku	buku	buku	buku	8 - 3 = <5>	4	8	3	0	0					wordwindow-stone-yellow.png	wordwindow-stone-blue.png		
ms-MY	7	1	2	2	en_uk_b1_05.m4a	Kavita ada 9 utas gelang. 2 utas gelang hilang. Kavita masih ada berapa utas gelang?	9	7	5	3	utas	utas	utas	utas	9 - 2 = <7>	2	9	2	0	0					wordwindow-stone-yellow.png	wordwindow-stone-green.png		
ms-MY	7	1	3	2	en_uk_b1_10.m4a	9 layang-layang terbang di langit. 3 layang-layang jatuh ke tanah. Berapakah bilangan layang-layang yang masih terbang di langit?	5	6	7	8	layang-layang	layang-layang	layang-layang	layang-layang	9 - 3 = <6>	2	9	3	0	0					wordwindow-stone-blue.png	wordwindow-stone-yellow.png		
ms-MY	7	1	4	2	en_uk_b1_06.m4a	Seorang petani mengutip 16 biji telur. Petani itu menggunakan 4 biji telur untuk membuat sarapan. Berapa biji telur yang tinggal?	11	12	13	14	biji	biji	biji	biji	16 - 4 = <12>	2	16	4	0	0					wordwindow-stone-green.png	wordwindow-stone-red.png		
ms-MY	7	1	5	2	en_uk_b1_09.m4a	12 ekor kucing duduk di atas pagar. Seekor kucing melompat turun. Berapa ekor kucing yang masih ada di atas pagar?	11	12	13	14	ekor	ekor	ekor	ekor	12 - 1 = <11>	1	12	1	0	0					wordwindow-stone-blue.png	wordwindow-stone-red.png		
ms-MY	7	2	1	2	en_uk_b1_07.m4a	Lina ada 8 batang pensel. 7 batang pensel Lina hilang. Lina masih ada berapa batang pensel?	1	2	3	4	batang	batang	batang	batang	8 - 7 = <1>	1	8	7	0	0					wordwindow-stone-red.png	wordwindow-stone-green.png		
ms-MY	7	2	2	2	en_uk_b1_10.m4a	9 layang-layang terbang di langit. 3 layang-layang jatuh ke tanah. Berapakah bilangan layang-layang yang masih terbang di langit?	5	6	7	8	layang-layang	layang-layang	layang-layang	layang-layang	9 - 3 = <6>	2	9	3	0	0					wordwindow-stone-blue.png	wordwindow-stone-yellow.png		
ms-MY	7	2	3	2	en_uk_b1_02.m4a	Siti ada 7 keping biskut. Dia makan 2 keping biskut. Siti masih ada berapa keping biskut?	3	4	5	6	keping	keping	keping	keping	7 - 2 = <5>	3	7	2	0	0					wordwindow-stone-red.png	wordwindow-stone-blue.png		
ms-MY	7	2	4	2	en_uk_b1_09.m4a	12 ekor kucing duduk di atas pagar. Seekor kucing melompat turun. Berapa ekor kucing yang masih ada di atas pagar?	11	12	13	14	ekor	ekor	ekor	ekor	12 - 1 = <11>	1	12	1	0	0					wordwindow-stone-blue.png	wordwindow-stone-red.png		
ms-MY	7	2	5	2	en_uk_b1_06.m4a	Seorang petani mengutip 16 biji telur. Petani itu menggunakan 4 biji telur untuk membuat sarapan. Berapa biji telur yang tinggal?	11	12	13	14	biji	biji	biji	biji	16 - 4 = <12>	2	16	4	0	0					wordwindow-stone-green.png	wordwindow-stone-red.png		
ms-MY	8	1	1	5	en_uk_c1_03.m4a	Kumar dan Kavita ada 5 orang anak. 2 orang anak mereka ialah lelaki. Mereka ada berapa orang anak perempuan?	2	3	4	5	orang	orang	orang	orang	5 = 2 + <3>	2	2	3	0	0					wordwindow-stone-blue.png	wordwindow-stone-green.png		
ms-MY	8	1	2	5	en_uk_c1_06.m4a	Aini ada 7 helai baju di dalam almari. 3 helai baju berwarna biru dan selebihnya berwarna hijau. Berapa helai baju Aini berwarna hijau?	3	4	5	6	helai	helai	helai	helai	7 = 3 + <4>	2	3	4	0	0					wordwindow-stone-blue.png	wordwindow-stone-green.png		
ms-MY	8	1	3	5	en_uk_c1_01.m4a	Cikgu Mimi ada 9 orang murid. 6 orang daripadanya ialah murid lelaki. Cikgu Mimi ada berapa orang murid perempuan?	3	6	9	12	orang	orang	orang	orang	9 = 6 + <3>	1	6	3	0	0					wordwindow-stone-red.png	wordwindow-stone-yellow.png		
ms-MY	8	1	4	5	en_uk_c1_10.m4a	Hao dan Siti melukis 8 gambar bersama-sama. Hao melukis 3 gambar. Berapa gambar yang Siti lukis?	3	5	8	11	gambar	gambar	gambar	gambar	8 = 3 + <5>	2	3	5	0	0					wordwindow-stone-blue.png	wordwindow-stone-yellow.png		
ms-MY	8	1	5	5	en_uk_c1_07.m4a	Kavita dan abangnya memetik 6 biji mangga bersama-sama. Kavita memetik 4 biji mangga. Abangnya memetik berapa biji?	2	4	6	8	biji	biji	biji	biji	6 = 4 + <2>	1	4	2	0	0					wordwindow-stone-red.png	wordwindow-stone-green.png		
ms-MY	8	2	1	5	en_uk_c1_04.m4a	Mei ada 9 belon. 6 belon berwarna hijau dan selebihnya berwarna biru. Berapa biji belon berwarna biru?	2	3	4	5	biji	biji	biji	biji	9 = 6 + <3>	2	6	3	0	0					wordwindow-stone-green.png	wordwindow-stone-blue.png		
ms-MY	8	2	2	5	en_uk_c1_07.m4a	Kavita dan abangnya memetik 6 biji mangga bersama-sama. Kavita memetik 4 biji mangga. Abangnya memetik berapa biji?	2	4	6	8	biji	biji	biji	biji	6 = 4 + <2>	1	4	2	0	0					wordwindow-stone-red.png	wordwindow-stone-green.png		
ms-MY	8	2	3	5	en_uk_c1_09.m4a	Kucing Amir ada 9 ekor anak kucing. 5 ekor daripadanya berwarna putih dan selebihnya berwarna kelabu. Berapa anak kucing Amir berwarna kelabu?	2	4	7	9	ekor	ekor	ekor	ekor	9 = 5 + <4>	2	5	4	0	0					wordwindow-stone-blue.png	wordwindow-stone-red.png		
ms-MY	8	2	4	5	en_uk_c1_02.m4a	Ibu membeli 8 beg beras. 5 beg dihantar hari ini. Selebihnya akan dihantar esok. Berapakah bilangan beg beras yang akan dihantar esok?	2	3	5	8	beg	beg	beg	beg	8 = 5 + <3>	2	5	3	0	0					wordwindow-stone-red.png	wordwindow-stone-blue.png		
ms-MY	8	2	5	5	en_uk_c1_03.m4a	Kumar dan Kavita ada 5 orang anak. 2 orang anak mereka ialah lelaki. Mereka ada berapa orang anak perempuan?	2	3	4	5	orang	orang	orang	orang	5 = 2 + <3>	2	2	3	0	0					wordwindow-stone-blue.png	wordwindow-stone-green.png		
ms-MY	8	3	1	5	en_uk_c1_05.m4a	Di dalam kotak ada 4 biji bola. 2 biji bola ialah bola sepak dan selebihnya ialah bola keranjang. Berapa biji bola keranjang ada di dalam kotak?	2	4	6	8	biji	biji	biji	biji	4 = 2 + <2>	1	2	2	0	0					wordwindow-stone-yellow.png	wordwindow-stone-green.png		
ms-MY	8	3	2	5	en_uk_c1_08.m4a	Aini ada 5 buah buku. 3 buah buku ialah buku Sains dan selebihnya ialah buku cerita. Aini ada berapa buah buku cerita?	2	3	4	5	buah	buah	buah	buah	5 = 3 + <2>	1	3	2	0	0					wordwindow-stone-yellow.png	wordwindow-stone-red.png		
ms-MY	8	3	3	5	en_uk_c1_10.m4a	Hao dan Siti melukis 8 gambar bersama-sama. Hao melukis 3 gambar. Berapa gambar yang Siti lukis?	3	5	8	11	gambar	gambar	gambar	gambar	8 = 3 + <5>	2	3	5	0	0					wordwindow-stone-blue.png	wordwindow-stone-yellow.png		
ms-MY	8	3	4	5	en_uk_c1_06.m4a	Aini ada 7 helai baju di dalam almari. 3 helai baju berwarna biru dan selebihnya berwarna hijau. Berapa helai baju Aini berwarna hijau?	3	4	5	6	helai	helai	helai	helai	7 = 3 + <4>	2	3	4	0	0					wordwindow-stone-blue.png	wordwindow-stone-green.png		
ms-MY	8	3	5	5	en_uk_c1_02.m4a	Ibu membeli 8 beg beras. 5 beg dihantar hari ini. Selebihnya akan dihantar esok. Berapakah bilangan beg beras yang akan dihantar esok?	2	3	5	8	beg	beg	beg	beg	8 = 5 + <3>	2	5	3	0	0					wordwindow-stone-red.png	wordwindow-stone-blue.png		
ms-MY	9	1	1	6	en_uk_e1_02.m4a	Ravi ada 4 biji guli. Aini memberi beberapa biji guli kepada Ravi. Sekarang, Ravi ada 6 biji guli. Berapa biji guli yang Aini beri kepada Ravi?	2	3	4	5	biji	biji	biji	biji	4 + <2>= 6	1					4	2	+	B	wordwindow-stone-red.png	wordwindow-stone-blue.png		
ms-MY	9	1	2	6	en_uk_e1_08.m4a	Ravi membaca 6 halaman buku sebelum makan tengah hari. Selepas makan tengah hari, Ravi membaca beberapa halaman lagi. Jika Ravi membaca 9 halaman semuanya, berapakah bilangan halaman yang dibaca oleh Ravi selepas makan tengah hari?	3	6	9	12	halaman	halaman	halaman	halaman	6 + <3> = 9	1					6	3	+	B	wordwindow-stone-yellow.png	wordwindow-stone-red.png		
ms-MY	9	1	3	6	en_uk_e1_10.m4a	Hao pergi ke sebuah kedai dan membeli beberapa helai kemeja-T. Kemudian, Hao pergi ke kedai lain dan membeli 2 helai kemeja-T lagi. Hao membeli 7 helai kemeja-T semuanya. Berapakah bilangan kemeja-T yang dibeli oleh Hao di kedai pertama?	3	5	7	9	helai	helai	helai	helai	<5> + 2 = 7	2					5	2	+	A	wordwindow-stone-blue.png	wordwindow-stone-yellow.png		
ms-MY	9	1	4	6	en_uk_e1_09.m4a	Mei nampak 4 ekor kucing di halaman rumahnya sebelum tidur. Apabila Mei bangun, dia nampak 7 ekor kucing di halaman rumahnya. Berapa ekor kucing yang datang semasa Mei tidur?	2	3	4	5	ekor	ekor	ekor	ekor	4 + <3> = 7	2					4	3	+	B	wordwindow-stone-blue.png	wordwindow-stone-red.png		
ms-MY	9	1	5	6	en_uk_e1_01.m4a	Ali ada beberapa keping setem. Abang Ali memberi Ali 6 keping setem. Sekarang, Ali ada 10 keping setem. Ali ada berapa keping setem pada mulanya?	2	4	6	8	keping	keping	keping	keping	<4>+ 6 = 10	2					4	6	+	A	wordwindow-stone-red.png	wordwindow-stone-yellow.png		
ms-MY	9	2	1	6	en_uk_e1_03.m4a	Lina memetik 3 kuntum bunga pada waktu pagi. Lina memetik beberapa kuntum bunga lagi pada waktu petang. Jika Lina memetik 8 kuntum bunga semuanya, berapakah kuntum bunga yang dipetik oleh Lina pada waktu petang?	2	4	5	8	kuntum	kuntum	kuntum	kuntum	3 + <5> = 8	3					3	5	+	B	wordwindow-stone-blue.png	wordwindow-stone-green.png		
ms-MY	9	2	2	6	en_uk_e1_09.m4a	Mei nampak 4 ekor kucing di halaman rumahnya sebelum tidur. Apabila Mei bangun, dia nampak 7 ekor kucing di halaman rumahnya. Berapa ekor kucing yang datang semasa Mei tidur?	2	3	4	5	ekor	ekor	ekor	ekor	4 + <3> = 7	2					4	3	+	B	wordwindow-stone-blue.png	wordwindow-stone-red.png		
ms-MY	9	2	3	6	en_uk_e1_07.m4a	Devi ada beberapa biji kerang di dalam baldinya. Devi menjumpai 2 biji kerang lagi. Sekarang, Devi ada 8 biji kerang semuanya. Devi ada berapa biji kerang pada mulanya?	2	4	6	8	biji	biji	biji	biji	<6> + 2 = 8	3					6	2	+	A	wordwindow-stone-red.png	wordwindow-stone-green.png		
ms-MY	9	2	4	6	en_uk_e1_10.m4a	Hao pergi ke sebuah kedai dan membeli beberapa helai kemeja-T. Kemudian, Hao pergi ke kedai lain dan membeli 2 helai kemeja-T lagi. Hao membeli 7 helai kemeja-T semuanya. Berapakah bilangan kemeja-T yang dibeli oleh Hao di kedai pertama?	3	5	7	9	helai	helai	helai	helai	<5> + 2 = 7	2					5	2	+	A	wordwindow-stone-blue.png	wordwindow-stone-yellow.png		
ms-MY	9	2	5	6	en_uk_e1_04.m4a	Seorang petani ada 7 pokok betik. Petani itu menanam beberapa pokok betik lagi. Sekarang, petani itu ada 10 pokok betik di kebunnya. Berapakah bilangan pokok betik yang baru ditanam oleh petani itu?	2	3	4	5	pokok	pokok	pokok	pokok	7 + <3> = 10	2					7	3	+	B	wordwindow-stone-yellow.png	wordwindow-stone-blue.png		
ms-MY	9	3	1	6	en_uk_e1_05.m4a	Pasukan bola sepak menjaringkan 3 gol pada separuh masa pertama. Kemudian, mereka menjaringkan beberapa gol lagi pada separuh masa kedua. Mereka menjaringkan 5 gol semuanya. Berapakah bilangan gol yang dijaringkan pada separuh masa kedua?	2	5	8	10	gol	gol	gol	gol	3 + <2> = 5	1					3	2	+	B	wordwindow-stone-yellow.png	wordwindow-stone-green.png		
ms-MY	9	3	2	6	en_uk_e1_02.m4a	Ravi ada 4 biji guli. Aini memberi beberapa biji guli kepada Ravi. Sekarang, Ravi ada 6 biji guli. Berapa biji guli yang Aini beri kepada Ravi?	2	3	4	5	biji	biji	biji	biji	4 + <2>= 6	1					4	2	+	B	wordwindow-stone-red.png	wordwindow-stone-blue.png		
ms-MY	9	3	3	6	en_uk_e1_10.m4a	Hao pergi ke sebuah kedai dan membeli beberapa helai kemeja-T. Kemudian, Hao pergi ke kedai lain dan membeli 2 helai kemeja-T lagi. Hao membeli 7 helai kemeja-T semuanya. Berapakah bilangan kemeja-T yang dibeli oleh Hao di kedai pertama?	3	5	7	9	helai	helai	helai	helai	<5> + 2 = 7	2					5	2	+	A	wordwindow-stone-blue.png	wordwindow-stone-yellow.png		
ms-MY	9	3	4	6	en_uk_e1_08.m4a	Ravi membaca 6 halaman buku sebelum makan tengah hari. Selepas makan tengah hari, Ravi membaca beberapa halaman lagi. Jika Ravi membaca 9 halaman semuanya, berapakah bilangan halaman yang dibaca oleh Ravi selepas makan tengah hari?	3	6	9	12	halaman	halaman	halaman	halaman	6 + <3> = 9	1					6	3	+	B	wordwindow-stone-yellow.png	wordwindow-stone-red.png		
ms-MY	9	3	5	6	en_uk_e1_06.m4a	Ali ada beberapa ekor cengkerik di dalam bekasnya. Ali mengumpul 5 ekor cengkerik lagi. Sekarang, Ali ada 10 ekor cengkerik. Ali ada berapa ekor cengkerik pada mulanya?	2	3	4	5	ekor	ekor	ekor	ekor	<5> + 5 = 10	4					5	5	+	A	wordwindow-stone-green.png	wordwindow-stone-red.png		
ms-MY	10	1	1	6	en_uk_e2_09.m4a	Mei membuat 6 sandwic untuk keluarganya. Keluarganya makan beberapa sandwic. Sekarang hanya 2 sandwic tinggal. Berapakah bilangan sandwic yang dimakan oleh keluarganya?	2	4	6	8	sandwic	sandwic	sandwic	sandwic	6 - <4> = 2	2					6	4	-	B	wordwindow-stone-blue.png	wordwindow-stone-red.png		
ms-MY	10	1	2	6	en_uk_e2_08.m4a	7 orang budak lelaki sedang menunggang basikal. Beberapa orang budak lelaki balik ke rumah. 5 orang budak lelaki terus menunggang basikal. Berapa orang budak lelaki yang balik ke rumah?	2	5	7	10	orang	orang	orang	orang	7 - <2> = 5	1					7	2	-	B	wordwindow-stone-yellow.png	wordwindow-stone-red.png		
ms-MY	10	1	3	6	en_uk_e2_07.m4a	Di langit ada 9 layang-layang. Beberapa layang-layang tersangkut pada pokok. 6 layang-layang masih terbang. Berapa layang-layang yang tersangkut pada pokok?	3	6	9	10	layang-layang	layang-layang	layang-layang	layang-layang	9 - <3>= 6	1					9	3	-	B	wordwindow-stone-red.png	wordwindow-stone-green.png		
ms-MY	10	1	4	6	en_uk_e2_01.m4a	Ali ada 10 biji epal. Ali makan beberapa biji epal. Sekarang tinggal 4 biji epal. Ali makan berapa biji epal?	4	6	8	10	biji	biji	biji	biji	10 - <6> = 4	2					10	6	-	B	wordwindow-stone-red.png	wordwindow-stone-yellow.png		
ms-MY	10	1	5	6	en_uk_e2_03.m4a	Amir ada beberapa biji belon. 6 biji belon meletup. Sekarang tinggal 2 biji belon. Amir ada berapa biji belon pada mulanya?	4	8	12	16	biji	biji	biji	biji	<8> - 6 = 2	2					8	6	-	A	wordwindow-stone-blue.png	wordwindow-stone-green.png		
ms-MY	10	2	1	6	en_uk_e2_02.m4a	Semalam, di kedai itu ada 7 beg beras. Hari ini, hanya 2 beg beras yang tinggal. Berapakah bilangan beg beras yang telah dijual?	2	3	5	7	beg	beg	beg	beg	7 - <5> = 2	3					7	5	-	B	wordwindow-stone-red.png	wordwindow-stone-blue.png		
ms-MY	10	2	2	6	en_uk_e2_04.m4a	8 ekor burung berehat di dahan pokok. Beberapa ekor burung terbang pergi. Sekarang tinggal 3 ekor burung di atas dahan. Berapa ekor burung yang terbang pergi?	3	5	8	10	ekor	ekor	ekor	ekor	8 - <5> = 3	2					8	5	-	B	wordwindow-stone-yellow.png	wordwindow-stone-blue.png		
ms-MY	10	2	3	6	en_uk_e2_09.m4a	Mei membuat 6 sandwic untuk keluarganya. Keluarganya makan beberapa sandwic. Sekarang hanya 2 sandwic tinggal. Berapakah bilangan sandwic yang dimakan oleh keluarganya?	2	4	6	8	sandwic	sandwic	sandwic	sandwic	6 - <4> = 2	2					6	4	-	B	wordwindow-stone-blue.png	wordwindow-stone-red.png		
ms-MY	10	2	4	6	en_uk_e2_05.m4a	Lina membawa 10 balang jem buatan sendiri ke pasar. Lina menjual beberapa balang jem. Selepas itu, hanya 3 balang jem tinggal. Lina telah menjual berapa balang jem?	3	5	7	9	balang	balang	balang	balang	10 - <7> = 3	3					10	7	-	B	wordwindow-stone-yellow.png	wordwindow-stone-green.png		
ms-MY	10	2	5	6	en_uk_e2_06.m4a	Kucing Amir beranak. Amir memberikan 6 ekor anak kucing kepada kawan-kawannya. Sekarang, Amir hanya ada 2 ekor anak kucing. Berapa ekor anak kucing pada mulanya?	2	4	6	8	ekor	ekor	ekor	ekor	<8> - 6 = 2	4					8	6	-	A	wordwindow-stone-green.png	wordwindow-stone-red.png		
ms-MY	10	3	1	6	en_uk_e2_04.m4a	8 ekor burung berehat di dahan pokok. Beberapa ekor burung terbang pergi. Sekarang tinggal 3 ekor burung di atas dahan. Berapa ekor burung yang terbang pergi?	3	5	8	10	ekor	ekor	ekor	ekor	8 - <5> = 3	2					8	5	-	B	wordwindow-stone-yellow.png	wordwindow-stone-blue.png		
ms-MY	10	3	2	6	en_uk_e2_07.m4a	Di langit ada 9 layang-layang. Beberapa layang-layang tersangkut pada pokok. 6 layang-layang masih terbang. Berapa layang-layang yang tersangkut pada pokok?	3	6	9	10	layang-layang	layang-layang	layang-layang	layang-layang	9 - <3>= 6	1					9	3	-	B	wordwindow-stone-red.png	wordwindow-stone-green.png		
ms-MY	10	3	3	6	en_uk_e2_02.m4a	Semalam, di kedai itu ada 7 beg beras. Hari ini, hanya 2 beg beras yang tinggal. Berapakah bilangan beg beras yang telah dijual?	2	3	5	7	beg	beg	beg	beg	7 - <5> = 2	3					7	5	-	B	wordwindow-stone-red.png	wordwindow-stone-blue.png		
ms-MY	10	3	4	6	en_uk_e2_10.m4a	Di dalam bakul ada beberapa biji mangga. 4 biji mangga diambil keluar. Sekarang tinggal 6 biji mangga sahaja. Berapa biji mangga ada pada mulanya?	4	8	10	12	biji	biji	biji	biji	<10> - 4 = 6	3					10	4	-	A	wordwindow-stone-blue.png	wordwindow-stone-yellow.png		
ms-MY	10	3	5	6	en_uk_e2_03.m4a	Amir ada beberapa biji belon. 6 biji belon meletup. Sekarang tinggal 2 biji belon. Amir ada berapa biji belon pada mulanya?	4	8	12	16	biji	biji	biji	biji	<8> - 6 = 2	2					8	6	-	A	wordwindow-stone-blue.png	wordwindow-stone-green.png		
ms-MY	11	1	1	1	en_uk_a2_04.m4a	Siti membeli 8 biji gula-gula. Aini membeli 9 biji gula-gula. Berapakah jumlah gula-gula yang dibeli oleh Siti dan Aini?	15	16	17	18	biji	biji	biji	biji	8 + 9 = <17>	3	8	9	0	0					wordwindow-stone-yellow.png	wordwindow-stone-blue.png		
ms-MY	11	1	2	1	en_uk_a2_06.m4a	Mei ada 5 biji guli. Kumar ada 8 biji guli. Berapakah jumlah guli yang mereka ada?	11	12	13	14	biji	biji	biji	biji	5 + 8 = <13>	3	5	8	0	0					wordwindow-stone-green.png	wordwindow-stone-red.png		
ms-MY	11	1	3	1	en_uk_a2_02.m4a	Di atas rak ada 8 buah buku. Lina meletakkan 6 buah buku lagi di atas rak. Berapakah jumlah buku di atas rak sekarang?	11	12	13	14	buah	buah	buah	buah	8 + 6 = <14>	4	8	6	0	0					wordwindow-stone-red.png	wordwindow-stone-blue.png		
ms-MY	11	1	4	1	en_uk_a2_01.m4a	Aini meniup 6 biji belon pada waktu pagi dan 5 biji belon pada waktu petang. Berapakah jumlah belon yang ditiup oleh Aini?	11	12	13	14	biji	biji	biji	biji	6 + 5 = <11>	1	6	5	0	0					wordwindow-stone-red.png	wordwindow-stone-yellow.png		
ms-MY	11	1	5	1	en_uk_a2_07.m4a	Di dalam laci ada 7 batang pensel. Ali meletakkan 9 batang pensel lagi ke dalam laci. Berapakah jumlah pensel di dalam laci sekarang?	14	16	18	20	batang	batang	batang	batang	7 + 9 = <16>	2	7	9	0	0					wordwindow-stone-red.png	wordwindow-stone-green.png		
ms-MY	11	2	1	1	en_uk_a2_08.m4a	Mei ada 8 biji oren. Lina ada 4 biji oren. Mereka ada berapa biji oren semuanya?	10	12	14	16	biji	biji	biji	biji	8 + 4 = <12>	2	8	4	0	0					wordwindow-stone-yellow.png	wordwindow-stone-red.png		
ms-MY	11	2	2	1	en_uk_a2_05.m4a	Di dalam bas ada 6 orang budak perempuan dan 7 orang budak lelaki. Berapa orang budak-budak di dalam bas semuanya?	11	12	13	14	orang	orang	orang	orang	6 + 7 = <13>	3	6	7	0	0					wordwindow-stone-yellow.png	wordwindow-stone-green.png		
ms-MY	11	2	3	1	en_uk_a2_03.m4a	Seorang petani menanam 5 baris jagung pada waktu pagi. Petani itu menanam 7 baris jagung lagi pada waktu petang. Petani itu menanam berapa baris jagung semuanya?	11	12	13	14	baris	baris	baris	baris	5 + 7 = <12>	2	5	7	0	0					wordwindow-stone-blue.png	wordwindow-stone-green.png		
ms-MY	11	2	4	1	en_uk_a2_09.m4a	Di dalam bas ada 7 orang kanak-kanak. 4 orang kanak-kanak lagi menaiki bas. Berapa orang kanak-kanak di dalam bas sekarang?	11	12	13	14	orang	orang	orang	orang	7 + 4 = <11>	1	7	4	0	0					wordwindow-stone-blue.png	wordwindow-stone-red.png		
ms-MY	11	2	5	1	en_uk_a2_04.m4a	Siti membeli 8 biji gula-gula. Aini membeli 9 biji gula-gula. Berapakah jumlah gula-gula yang dibeli oleh Siti dan Aini?	15	16	17	18	biji	biji	biji	biji	8 + 9 = <17>	3	8	9	0	0					wordwindow-stone-yellow.png	wordwindow-stone-blue.png		
ms-MY	11	3	1	1	en_uk_a2_10.m4a	Mei ada 7 biji manik kuning dan 8 biji manik merah. Mei ada berapa biji manik semuanya?	11	13	15	17	biji	biji	biji	biji	7 + 8 = <15>	3	7	8	0	0					wordwindow-stone-yellow.png	wordwindow-stone-red.png		
ms-MY	11	3	2	1	en_uk_a2_08.m4a	Mei ada 8 biji oren. Lina ada 4 biji oren. Mereka ada berapa biji oren semuanya?	10	12	14	16	biji	biji	biji	biji	8 + 4 = <12>	2	8	4	0	0					wordwindow-stone-yellow.png	wordwindow-stone-red.png		
ms-MY	11	3	3	1	en_uk_a2_07.m4a	Di dalam laci ada 7 batang pensel. Ali meletakkan 9 batang pensel lagi ke dalam laci. Berapakah jumlah pensel di dalam laci sekarang?	14	16	18	20	batang	batang	batang	batang	7 + 9 = <16>	2	7	9	0	0					wordwindow-stone-red.png	wordwindow-stone-green.png		
ms-MY	11	3	4	1	en_uk_a2_03.m4a	Seorang petani menanam 5 baris jagung pada waktu pagi. Petani itu menanam 7 baris jagung lagi pada waktu petang. Petani itu menanam berapa baris jagung semuanya?	11	12	13	14	baris	baris	baris	baris	5 + 7 = <12>	2	5	7	0	0					wordwindow-stone-blue.png	wordwindow-stone-green.png		
ms-MY	11	3	5	1	en_uk_a2_06.m4a	Mei ada 5 biji guli. Kumar ada 8 biji guli. Berapakah jumlah guli yang mereka ada?	11	12	13	14	biji	biji	biji	biji	5 + 8 = <13>	3	5	8	0	0					wordwindow-stone-green.png	wordwindow-stone-red.png		
ms-MY	12	1	1	4	en_uk_d4_03.m4a	Ravi ada 7 biji bola. Amir ada 6 biji bola lebih banyak daripada Ravi. Amir ada berapa biji bola?	10	11	12	13	biji	biji	biji	biji	7 + 6 = <13>	4	7	13	0	0					wordwindow-stone-blue.png	wordwindow-stone-green.png		
ms-MY	12	1	2	4	en_uk_d4_08.m4a	Ali ada 4 batang pensel. Kakak Ali ada 8 batang pensel lebih banyak daripada Ali. Kakak Ali ada berapa batang pensel?	4	8	12	16	batang	batang	batang	batang	4 + 8 = <12>	3	4	12	0	0					wordwindow-stone-yellow.png	wordwindow-stone-red.png		
ms-MY	12	1	3	4	en_uk_d4_07.m4a	Ayam Amir bertelur 6 biji semalam. Hari ini, ayam Amir bertelur 5 biji lebih banyak daripada semalam. Ayam Amir bertelur berapa biji hari ini?	10	11	12	13	biji	biji	biji	biji	6 + 5 = <11>	2	6	11	0	0					wordwindow-stone-red.png	wordwindow-stone-green.png		
ms-MY	12	1	4	4	en_uk_d4_05.m4a	Ali membaca 11 halaman buku. Amir membaca 9 halaman lebih banyak daripada Ali. Amir membaca berapa halaman buku?	9	11	20	25	halaman	halaman	halaman	halaman	11 + 9 = <20>	3	20	11	0	0					wordwindow-stone-yellow.png	wordwindow-stone-green.png		
ms-MY	12	1	5	4	en_uk_d4_04.m4a	Ravi bekerja 8 jam. Kumar bekerja 4 jam lebih lama daripada Ravi. Kumar bekerja berapa jam?	4	8	12	16	jam	jam	jam	jam	8 + 4 = <12>	3	12	4	0	0					wordwindow-stone-yellow.png	wordwindow-stone-blue.png		
ms-MY	12	2	1	4	en_uk_d4_01.m4a	Hao ada 7 biji rambutan. Ming ada 4 biji rambutan lebih banyak daripada Hao. Ming ada berapa biji rambutan?	11	12	13	14	biji	biji	biji	biji	7 + 4 = <11>	1	7	11	0	0					wordwindow-stone-red.png	wordwindow-stone-yellow.png		
ms-MY	12	2	2	4	en_uk_d4_10.m4a	Mei berumur 5 tahun. Lina 7 tahun lebih tua daripada Mei. Lina berumur berapa tahun?	11	12	13	14	tahun	tahun	tahun	tahun	5 + 7 = <12>	2	5	12	0	0					wordwindow-stone-blue.png	wordwindow-stone-yellow.png		
ms-MY	12	2	3	4	en_uk_d4_09.m4a	Hujan turun selama 8 hari pada bulan Januari. Pada bulan Februari, hujan turun 9 hari lebih banyak daripada bulan Januari. Hujan turun berapa hari pada bulan Februari?	15	16	17	18	hari	hari	hari	hari	8 + 9 = <17>	3	8	17	0	0					wordwindow-stone-blue.png	wordwindow-stone-red.png		
ms-MY	12	2	4	4	en_uk_d4_06.m4a	Semalam, posmen menghantar 8 pucuk surat. Hari ini, posmen menghantar 3 pucuk surat lebih banyak daripada semalam. Posmen menghantar berapa pucuk surat hari ini?	11	13	15	17	pucuk	pucuk	pucuk	pucuk	8 + 3 = <11>	1	11	8	0	0					wordwindow-stone-green.png	wordwindow-stone-red.png		
ms-MY	12	2	5	4	en_uk_d4_05.m4a	Ali membaca 11 halaman buku. Amir membaca 9 halaman lebih banyak daripada Ali. Amir membaca berapa halaman buku?	9	11	20	25	halaman	halaman	halaman	halaman	11 + 9 = <20>	3	20	11	0	0					wordwindow-stone-yellow.png	wordwindow-stone-green.png		
ms-MY	12	3	1	4	en_uk_d4_02.m4a	Siti ada 9 batang pensel. Aini ada 5 batang pensel lebih banyak daripada Siti. Aini ada berapa batang pensel?	12	13	14	15	batang	batang	batang	batang	9 + 5 = <14>	3	9	14	0	0					wordwindow-stone-red.png	wordwindow-stone-blue.png		
ms-MY	12	3	2	4	en_uk_d4_03.m4a	Ravi ada 7 biji bola. Amir ada 6 biji bola lebih banyak daripada Ravi. Amir ada berapa biji bola?	10	11	12	13	biji	biji	biji	biji	7 + 6 = <13>	4	7	13	0	0					wordwindow-stone-blue.png	wordwindow-stone-green.png		
ms-MY	12	3	3	4	en_uk_d4_10.m4a	Mei berumur 5 tahun. Lina 7 tahun lebih tua daripada Mei. Lina berumur berapa tahun?	11	12	13	14	tahun	tahun	tahun	tahun	5 + 7 = <12>	2	5	12	0	0					wordwindow-stone-blue.png	wordwindow-stone-yellow.png		
ms-MY	12	3	4	4	en_uk_d4_04.m4a	Ravi bekerja 8 jam. Kumar bekerja 4 jam lebih lama daripada Ravi. Kumar bekerja berapa jam?	4	8	12	16	jam	jam	jam	jam	8 + 4 = <12>	3	12	4	0	0					wordwindow-stone-yellow.png	wordwindow-stone-blue.png		
ms-MY	12	3	5	4	en_uk_d4_06.m4a	Semalam, posmen menghantar 8 pucuk surat. Hari ini, posmen menghantar 3 pucuk surat lebih banyak daripada semalam. Posmen menghantar berapa pucuk surat hari ini?	11	13	15	17	pucuk	pucuk	pucuk	pucuk	8 + 3 = <11>	1	11	8	0	0					wordwindow-stone-green.png	wordwindow-stone-red.png		
ms-MY	13	1	1	2	en_uk_b2_03.m4a	Di dalam bas sekolah ada 10 orang murid. 3 orang murid turun dari bas. Berapa orang murid di dalam bas sekarang?	3	7	10	13	orang	orang	orang	orang	10 - 3 = <7>	2	10	3	0	0					wordwindow-stone-blue.png	wordwindow-stone-green.png		
ms-MY	13	1	2	2	en_uk_b2_07.m4a	Amir ada 13 biji oren. Amir makan 5 biji oren. Amir ada berapa biji oren sekarang?	5	8	11	13	biji	biji	biji	biji	13 - 5 = <8>	2	13	5	0	0					wordwindow-stone-red.png	wordwindow-stone-green.png		
ms-MY	13	1	3	2	en_uk_b2_02.m4a	Ali ada 12 soalan Matematik untuk kerja rumah. Ali menjawab 3 soalan. Berapa soalan Matematik yang belum dijawab oleh Ali?	3	7	9	12	soalan	soalan	soalan	soalan	12 - 3 = <9>	3	12	3	0	0					wordwindow-stone-red.png	wordwindow-stone-blue.png		
ms-MY	13	1	4	2	en_uk_b2_06.m4a	Ravi ada 16 biji guli. 7 biji guli Ravi hilang. Ravi ada berapa biji guli sekarang?	6	7	8	9	biji	biji	biji	biji	16 - 7 = <9>	4	16	7	0	0					wordwindow-stone-green.png	wordwindow-stone-red.png		
ms-MY	13	1	5	2	en_uk_b2_01.m4a	Buku Hao ada 17 halaman. Hao sudah membaca 9 halaman. Berapa halaman yang belum dibaca oleh Hao?	5	8	9	15	halaman	halaman	halaman	halaman	17 - 9 = <8>	2	17	9	0	0					wordwindow-stone-red.png	wordwindow-stone-yellow.png		
ms-MY	13	2	1	2	en_uk_b2_02.m4a	Ali ada 12 soalan Matematik untuk kerja rumah. Ali menjawab 3 soalan. Berapa soalan Matematik yang belum dijawab oleh Ali?	3	7	9	12	soalan	soalan	soalan	soalan	12 - 3 = <9>	3	12	3	0	0					wordwindow-stone-red.png	wordwindow-stone-blue.png		
ms-MY	13	2	2	2	en_uk_b2_05.m4a	Kumar ada 11 biji mangga di dalam bakul. Kumar memberikan 4 biji mangga kepada kakaknya. Berapa biji mangga di dalam bakul sekarang?	5	7	9	11	biji	biji	biji	biji	11 - 4 = <7>	2	11	4	0	0					wordwindow-stone-yellow.png	wordwindow-stone-green.png		
ms-MY	13	2	3	2	en_uk_b2_07.m4a	Amir ada 13 biji oren. Amir makan 5 biji oren. Amir ada berapa biji oren sekarang?	5	8	11	13	biji	biji	biji	biji	13 - 5 = <8>	2	13	5	0	0					wordwindow-stone-red.png	wordwindow-stone-green.png		
ms-MY	13	2	4	2	en_uk_b2_10.m4a	Siti ada 14 batang pensel di dalam begnya. Siti memberikan 7 batang pensel kepada kawan-kawannya. Siti ada berapa batang pensel sekarang?	4	7	10	14	batang	batang	batang	batang	14 - 7 = <7>	2	14	7	0	0					wordwindow-stone-blue.png	wordwindow-stone-yellow.png		
ms-MY	13	2	5	2	en_uk_b2_06.m4a	Ravi ada 16 biji guli. 7 biji guli Ravi hilang. Ravi ada berapa biji guli sekarang?	6	7	8	9	biji	biji	biji	biji	16 - 7 = <9>	4	16	7	0	0					wordwindow-stone-green.png	wordwindow-stone-red.png		
ms-MY	13	3	1	2	en_uk_b2_05.m4a	Kumar ada 11 biji mangga di dalam bakul. Kumar memberikan 4 biji mangga kepada kakaknya. Berapa biji mangga di dalam bakul sekarang?	5	7	9	11	biji	biji	biji	biji	11 - 4 = <7>	2	11	4	0	0					wordwindow-stone-yellow.png	wordwindow-stone-green.png		
ms-MY	13	3	2	2	en_uk_b2_03.m4a	Di dalam bas sekolah ada 10 orang murid. 3 orang murid turun dari bas. Berapa orang murid di dalam bas sekarang?	3	7	10	13	orang	orang	orang	orang	10 - 3 = <7>	2	10	3	0	0					wordwindow-stone-blue.png	wordwindow-stone-green.png		
ms-MY	13	3	3	2	en_uk_b2_08.m4a	Lina ada 12 buah buku. Lina mendermakan 8 buah buku kepada perpustakaan kelasnya. Lina ada berapa buah buku sekarang?	2	4	6	8	buah	buah	buah	buah	12 - 8 = <4>	2	12	8	0	0					wordwindow-stone-yellow.png	wordwindow-stone-red.png		
ms-MY	13	3	4	2	en_uk_b2_04.m4a	Di kolam ada 15 ekor itik. 7 ekor itik terbang pergi. Berapa ekor itik di kolam sekarang?	5	7	8	10	ekor	ekor	ekor	ekor	15 - 7 = <8>	3	15	7	0	0					wordwindow-stone-yellow.png	wordwindow-stone-blue.png		
ms-MY	13	3	5	2	en_uk_b2_09.m4a	Di dalam kandang ada 18 ekor biri-biri. 9 ekor biri-biri telah dijual. Berapa ekor biri-biri di dalam kandang sekarang?	3	6	9	11	ekor	ekor	ekor	ekor	18 - 9 = <9>	3	18	9	0	0					wordwindow-stone-blue.png	wordwindow-stone-red.png		
ms-MY	14	1	1	4	en_uk_d2_01.m4a	Aini ada 13 kuntum bunga. Mei ada 8 kuntum bunga. Aini ada berapa kuntum bunga lebih daripada Mei?	3	5	8	13	kuntum	kuntum	kuntum	kuntum	13 - 8 = <5>	2	13	8	0	0					wordwindow-stone-red.png	wordwindow-stone-yellow.png		
ms-MY	14	1	2	4	en_uk_d2_02.m4a	Lina meminjam 11 buah buku dari perpustakaan. Siti meminjam 5 buah buku. Lina meminjam berapa buah buku lebih daripada Siti?	5	6	8	11	buah	buah	buah	buah	11 - 5 = <6>	2	11	5	0	0					wordwindow-stone-red.png	wordwindow-stone-blue.png		
ms-MY	14	1	3	4	en_uk_d2_08.m4a	Ali membuat 5 kapal terbang kertas. Amir membuat 14 kapal terbang kertas. Ali membuat berapa kapal terbang kertas kurang daripada Amir?	4	5	9	14	kapal terbang	kapal terbang	kapal terbang	kapal terbang	14 - 5 = <9>	3	5	14	0	0					wordwindow-stone-yellow.png	wordwindow-stone-red.png		
ms-MY	14	1	4	4	en_uk_d2_06.m4a	Kumar berumur 12 tahun. Ravi berumur 8 tahun. Ravi berapa tahun lebih muda daripada Kumar?	4	8	12	18	tahun	tahun	tahun	tahun	12 - 8  = <4>	1	12	8	0	0					wordwindow-stone-green.png	wordwindow-stone-red.png		
ms-MY	14	1	5	4	en_uk_d2_09.m4a	Murid lelaki melukis 11 gambar. Murid perempuan melukis 20 gambar. Murid perempuan melukis berapa gambar lebih daripada murid lelaki?	9	11	15	20	gambar	gambar	gambar	gambar	20 - 11 = <9>	1	11	20	0	0					wordwindow-stone-blue.png	wordwindow-stone-red.png		
ms-MY	14	2	1	4	en_uk_d2_04.m4a	Ali membeli 12 pokok bunga. Kakak Ali membeli 7 pokok bunga. Ali membeli berapa pokok bunga lebih daripada kakaknya?	3	5	7	12	pokok	pokok	pokok	pokok	12 - 7 = <5>	2	12	7	0	0					wordwindow-stone-yellow.png	wordwindow-stone-blue.png		
ms-MY	14	2	2	4	en_uk_d2_10.m4a	Hujan turun selama 15 hari pada bulan Mac. Hujan turun selama 8 hari pada bulan April. Bulan Mac ada berapa hari hujan lebih daripada bulan April?	5	7	8	15	hari	hari	hari	hari	15 - 8 = <7>	2	15	8	0	0					wordwindow-stone-blue.png	wordwindow-stone-yellow.png		
ms-MY	14	2	3	4	en_uk_d2_06.m4a	Kumar berumur 12 tahun. Ravi berumur 8 tahun. Ravi berapa tahun lebih muda daripada Kumar?	4	8	12	18	tahun	tahun	tahun	tahun	12 - 8  = <4>	1	12	8	0	0					wordwindow-stone-green.png	wordwindow-stone-red.png		
ms-MY	14	2	4	4	en_uk_d2_07.m4a	Siti membuat 15 keping biskut dan 7 biji kek. Siti membuat berapa biji kek kurang daripada biskut?	7	8	9	10	biji	biji	biji	biji	15 - 7 = <8>	2	15	7	0	0					wordwindow-stone-red.png	wordwindow-stone-green.png		
ms-MY	14	2	5	4	en_uk_d2_05.m4a	Di dalam kelas ada 13 orang murid perempuan dan 18 orang murid lelaki. Murid lelaki lebih berapa orang daripada murid perempuan?	5	10	13	18	orang	orang	orang	orang	18 - 13 = <5>	1	13	18	0	0					wordwindow-stone-yellow.png	wordwindow-stone-green.png		
ms-MY	14	3	1	4	en_uk_d2_10.m4a	Hujan turun selama 15 hari pada bulan Mac. Hujan turun selama 8 hari pada bulan April. Bulan Mac ada berapa hari hujan lebih daripada bulan April?	5	7	8	15	hari	hari	hari	hari	15 - 8 = <7>	2	15	8	0	0					wordwindow-stone-blue.png	wordwindow-stone-yellow.png		
ms-MY	14	3	2	4	en_uk_d2_01.m4a	Aini ada 13 kuntum bunga. Mei ada 8 kuntum bunga. Aini ada berapa kuntum bunga lebih daripada Mei?	3	5	8	13	kuntum	kuntum	kuntum	kuntum	13 - 8 = <5>	2	13	8	0	0					wordwindow-stone-red.png	wordwindow-stone-yellow.png		
ms-MY	14	3	3	4	en_uk_d2_07.m4a	Siti membuat 15 keping biskut dan 7 biji kek. Siti membuat berapa biji kek kurang daripada biskut?	7	8	9	10	biji	biji	biji	biji	15 - 7 = <8>	2	15	7	0	0					wordwindow-stone-red.png	wordwindow-stone-green.png		
ms-MY	14	3	4	4	en_uk_d2_08.m4a	Ali membuat 5 kapal terbang kertas. Amir membuat 14 kapal terbang kertas. Ali membuat berapa kapal terbang kertas kurang daripada Amir?	4	5	9	14	kapal terbang	kapal terbang	kapal terbang	kapal terbang	14 - 5 = <9>	3	5	14	0	0					wordwindow-stone-yellow.png	wordwindow-stone-red.png		
ms-MY	14	3	5	4	en_uk_d2_03.m4a	Siti menjumpai 20 biji kerang di pantai. Amir menjumpai 6 biji kerang. Siti menjumpai berapa biji kerang lebih daripada Amir?	6	10	14	20	biji	biji	biji	biji	20 - 6 = <14>	3	20	6	0	0					wordwindow-stone-blue.png	wordwindow-stone-green.png		
ms-MY	15	1	1	5	en_uk_c2_07.m4a	Cikgu Mimi bermain sorok-sorok dengan 11 orang muridnya. Cikgu Mimi menjumpai 3 orang murid. Berapa orang murid yang masih bersembunyi?	3	5	8	11	orang	orang	orang	orang	11 = 3 + <8>	3	3	8	0	0					wordwindow-stone-red.png	wordwindow-stone-green.png		
ms-MY	15	1	2	5	en_uk_c2_01.m4a	Di dalam bilik darjah ada 15 orang murid lelaki. 9 orang murid lelaki memakai seluar panjang. Selebihnya memakai seluar pendek. Berapa orang murid lelaki memakai seluar pendek?	3	6	9	15	orang	orang	orang	orang	15 = 9 + <6>	2	9	6	0	0					wordwindow-stone-red.png	wordwindow-stone-yellow.png		
ms-MY	15	1	3	5	en_uk_c2_02.m4a	Ravi ada 17 biji belon. 8 biji belon berwarna merah dan selebihnya berwarna hijau. Berapa biji belon berwarna hijau?	7	8	9	10	biji	biji	biji	biji	17 = 8 + <9>	3	8	9	0	0					wordwindow-stone-red.png	wordwindow-stone-green.png		
ms-MY	15	1	4	5	en_uk_c2_03.m4a	Lina dan Kavita menangkap 14 ekor kelip-kelip bersama-sama. Lina menangkap 5 ekor kelip-kelip. Kavita menangkap berapa ekor kelip-kelip?	6	9	12	14	ekor	ekor	ekor	ekor	14 = 5 + <9>	2	5	9	0	0					wordwindow-stone-blue.png	wordwindow-stone-green.png		
ms-MY	15	1	5	5	en_uk_c2_05.m4a	Cikgu Ali ada 12 orang murid. 7 orang murid hadir. Berapa orang murid yang tidak hadir?	5	7	9	12	orang	orang	orang	orang	12 = <5> + 7	1	5	7	0	0					wordwindow-stone-yellow.png	wordwindow-stone-green.png		
ms-MY	15	2	1	5	en_uk_c2_09.m4a	Pasukan tenis ada 12 orang pemain. 6 orang pemain ialah perempuan. Selebihnya ialah lelaki. Berapa orang pemain lelaki?	2	6	10	12	orang	orang	orang	orang	12 = 6 + <6>	2	6	6	0	0					wordwindow-stone-blue.png	wordwindow-stone-red.png		
ms-MY	15	2	2	5	en_uk_c2_06.m4a	Sekeping kayu panjangnya 13 inci. Kayu itu dipotong kepada dua bahagian. Satu bahagian panjangnya 6 inci. Berapakah panjang bahagian yang satu lagi?	6	7	8	9	inci	inci	inci	inci	13 = 6 + <7>	2	6	7	0	0					wordwindow-stone-green.png	wordwindow-stone-red.png		
ms-MY	15	2	3	5	en_uk_c2_03.m4a	Lina dan Kavita menangkap 14 ekor kelip-kelip bersama-sama. Lina menangkap 5 ekor kelip-kelip. Kavita menangkap berapa ekor kelip-kelip?	6	9	12	14	ekor	ekor	ekor	ekor	14 = 5 + <9>	2	5	9	0	0					wordwindow-stone-blue.png	wordwindow-stone-green.png		
ms-MY	15	2	4	5	en_uk_c2_04.m4a	Amir ada 17 hadiah hari jadi. 9 hadiah daripada keluarganya. Hadiah yang selebihnya daripada kawan-kawannya. Berapa hadiah daripada kawan-kawannya?	7	8	9	10	hadiah	hadiah	hadiah	hadiah	17 = 9 + <8>	2	9	8	0	0					wordwindow-stone-yellow.png	wordwindow-stone-blue.png		
ms-MY	15	2	5	5	en_uk_c2_08.m4a	Di dalam kelas ada 16 orang kanak-kanak. Beberapa orang kanak-kanak keluar bermain. 7 orang kanak-kanak tinggal di dalam kelas. Berapa orang kanak-kanak di luar?	7	9	13	16	orang	orang	orang	orang	16 = <9> + 7	2	9	7	0	0					wordwindow-stone-yellow.png	wordwindow-stone-red.png		
ms-MY	15	3	1	5	en_uk_c2_10.m4a	Devi menulis 14 pucuk surat. 7 pucuk surat untuk rakan-rakannya. Selebihnya untuk keluarganya. Berapa pucuk surat untuk keluarganya?	4	7	10	14	pucuk	pucuk	pucuk	pucuk	14 = 7 + <7>	2	7	7	0	0					wordwindow-stone-blue.png	wordwindow-stone-yellow.png		
ms-MY	15	3	2	5	en_uk_c2_04.m4a	Amir ada 17 hadiah hari jadi. 9 hadiah daripada keluarganya. Hadiah yang selebihnya daripada kawan-kawannya. Berapa hadiah daripada kawan-kawannya?	7	8	9	10	hadiah	hadiah	hadiah	hadiah	17 = 9 + <8>	2	9	8	0	0					wordwindow-stone-yellow.png	wordwindow-stone-blue.png		
ms-MY	15	3	3	5	en_uk_c2_09.m4a	Pasukan tenis ada 12 orang pemain. 6 orang pemain ialah perempuan. Selebihnya ialah lelaki. Berapa orang pemain lelaki?	2	6	10	12	orang	orang	orang	orang	12 = 6 + <6>	2	6	6	0	0					wordwindow-stone-blue.png	wordwindow-stone-red.png		
ms-MY	15	3	4	5	en_uk_c2_06.m4a	Sekeping kayu panjangnya 13 inci. Kayu itu dipotong kepada dua bahagian. Satu bahagian panjangnya 6 inci. Berapakah panjang bahagian yang satu lagi?	6	7	8	9	inci	inci	inci	inci	13 = 6 + <7>	2	6	7	0	0					wordwindow-stone-green.png	wordwindow-stone-red.png		
ms-MY	15	3	5	5	en_uk_c2_05.m4a	Cikgu Ali ada 12 orang murid. 7 orang murid hadir. Berapa orang murid yang tidak hadir?	5	7	9	12	orang	orang	orang	orang	12 = <5> + 7	1	5	7	0	0					wordwindow-stone-yellow.png	wordwindow-stone-green.png		
ms-MY	16	1	1	3	en_uk_f1_03.m4a	Aini membeli 2 kotak mangga. Setiap kotak ada 4 biji mangga. Aini membeli berapa biji mangga semuanya?	4	8	12	16	biji	biji	biji	biji	2 X 4 = <8>	2	2	4	0	0					wordwindow-stone-blue.png	wordwindow-stone-green.png		
ms-MY	16	1	2	3	en_uk_f1_01.m4a	Amir ada 3 pasang stoking. Setiap pasang ada 2 helai stoking. Amir ada berapa helai stoking semuanya?	3	6	9	12	helai	helai	helai	helai	3 X 2 = <6>	2	3	2	0	0					wordwindow-stone-red.png	wordwindow-stone-yellow.png		
ms-MY	16	1	3	3	en_uk_f1_08.m4a	Aini ada 3 kuntum bunga. Setiap bunga ada 5 kelopak. Bunga itu ada berapa kelopak semuanya?	5	10	15	20	kelopak	kelopak	kelopak	kelopak	3 X 5 = <15>	3	3	5	0	0					wordwindow-stone-yellow.png	wordwindow-stone-red.png		
ms-MY	16	1	4	3	en_uk_f1_02.m4a	Seekor lebah ada 6 kaki. 2 ekor lebah ada berapa kaki semuanya?	4	8	12	16	kaki	kaki	kaki	kaki	2 X 6 = <12>	3	2	6	0	0					wordwindow-stone-red.png	wordwindow-stone-blue.png		
ms-MY	16	1	5	3	en_uk_f1_09.m4a	Siti mengambil 7 minit untuk berlari satu pusingan. Siti mengambil berapa minit untuk berlari 4 pusingan?	7	14	28	35	minit	minit	minit	minit	4 X 7 = <28>	3	4	7	0	0					wordwindow-stone-blue.png	wordwindow-stone-red.png		
ms-MY	16	2	1	3	en_uk_f1_05.m4a	Di padang ada 3 ekor biri-biri. Setiap biri-biri ada 4 ekor anak. Berapa ekor anak biri-biri semuanya?	6	9	12	15	ekor	ekor	ekor	ekor	3 X 4 = <12>	3	3	4	0	0					wordwindow-stone-yellow.png	wordwindow-stone-green.png		
ms-MY	16	2	2	3	en_uk_f1_06.m4a	Seekor itik ada 2 kaki. 3 ekor itik ada berapa kaki semuanya?	3	6	9	12	kaki	kaki	kaki	kaki	3 X 2 = <6>	2	3	2	0	0					wordwindow-stone-green.png	wordwindow-stone-red.png		
ms-MY	16	2	3	3	en_uk_f1_04.m4a	Di laut ada 2 bot. Setiap bot ada 8 orang nelayan. Berapa orang nelayan di dalam kedua-dua bot itu?	4	8	12	16	orang	orang	orang	orang	2 X 8 = <16>	4	2	8	0	0					wordwindow-stone-yellow.png	wordwindow-stone-blue.png		
ms-MY	16	2	4	3	en_uk_f1_10.m4a	Ali, Ravi dan Amir masing-masing makan 2 keping piza. Mereka makan berapa keping piza semuanya?	3	6	12	15	keping	keping	keping	keping	3 X 2 = <6>	2	3	2	0	0					wordwindow-stone-blue.png	wordwindow-stone-yellow.png		
ms-MY	16	2	5	3	en_uk_f1_07.m4a	Kavita membeli 4 kotak donat. Setiap kotak ada 5 biji donat. Kavita membeli berapa biji donat semuanya?	5	15	20	30	biji	biji	biji	biji	4 X 5 = <20>	3	4	5	0	0					wordwindow-stone-red.png	wordwindow-stone-green.png		
ms-MY	16	3	1	3	en_uk_f1_01.m4a	Amir ada 3 pasang stoking. Setiap pasang ada 2 helai stoking. Amir ada berapa helai stoking semuanya?	3	6	9	12	helai	helai	helai	helai	3 X 2 = <6>	2	3	2	0	0					wordwindow-stone-red.png	wordwindow-stone-yellow.png		
ms-MY	16	3	2	3	en_uk_f1_05.m4a	Di padang ada 3 ekor biri-biri. Setiap biri-biri ada 4 ekor anak. Berapa ekor anak biri-biri semuanya?	6	9	12	15	ekor	ekor	ekor	ekor	3 X 4 = <12>	3	3	4	0	0					wordwindow-stone-yellow.png	wordwindow-stone-green.png		
ms-MY	16	3	3	3	en_uk_f1_03.m4a	Aini membeli 2 kotak mangga. Setiap kotak ada 4 biji mangga. Aini membeli berapa biji mangga semuanya?	4	8	12	16	biji	biji	biji	biji	2 X 4 = <8>	2	2	4	0	0					wordwindow-stone-blue.png	wordwindow-stone-green.png		
ms-MY	16	3	4	3	en_uk_f1_04.m4a	Di laut ada 2 bot. Setiap bot ada 8 orang nelayan. Berapa orang nelayan di dalam kedua-dua bot itu?	4	8	12	16	orang	orang	orang	orang	2 X 8 = <16>	4	2	8	0	0					wordwindow-stone-yellow.png	wordwindow-stone-blue.png		
ms-MY	16	3	5	3	en_uk_f1_09.m4a	Siti mengambil 7 minit untuk berlari satu pusingan. Siti mengambil berapa minit untuk berlari 4 pusingan?	7	14	28	35	minit	minit	minit	minit	4 X 7 = <28>	3	4	7	0	0					wordwindow-stone-blue.png	wordwindow-stone-red.png		
ms-MY	17	1	1	5	en_uk_f2_01.m4a	Ibu ada 8 biji gula-gula. Ibu memberi gula-gula itu sama banyak kepada 2 orang anaknya. Setiap anak mendapat berapa biji gula-gula?	2	4	6	8	biji	biji	biji	biji	8 = <4> + <4>	2	4	4	0	0					wordwindow-stone-red.png	wordwindow-stone-yellow.png		
ms-MY	17	1	2	5	en_uk_f2_02.m4a	Ali dan kakaknya berkongsi 10 beg kerepek sama banyak. Ali mendapat berapa beg kerepek?	2	3	5	10	beg	beg	beg	beg	10 = <5> + <5>	3	5	5	0	0					wordwindow-stone-red.png	wordwindow-stone-blue.png		
ms-MY	17	1	3	5	en_uk_f2_03.m4a	Petani ada 16 biji telur. Petani meletakkan telur itu sama banyak ke dalam 2 kotak. Setiap kotak ada berapa biji telur?	2	4	8	16	biji	biji	biji	biji	16 = <8> + <8>	3	8	8	0	0					wordwindow-stone-blue.png	wordwindow-stone-green.png		
ms-MY	17	1	4	5	en_uk_f2_06.m4a	3 orang rakan berkongsi 12 biji gula-gula sama banyak. Setiap rakan mendapat berapa biji gula-gula?	3	4	5	6	biji	biji	biji	biji	12 = <4> + <4> + <4>	2	4	4	4	0					wordwindow-stone-green.png	wordwindow-stone-red.png	wordwindow-stone-yellow.png	
ms-MY	17	1	5	5	en_uk_f2_09.m4a	20 orang murid dibahagikan sama banyak kepada 4 kumpulan. Setiap kumpulan ada berapa orang murid?	5	10	15	20	orang	orang	orang	orang	20 = <5> + <5> + <5> + <5>	1	5	5	5	5					wordwindow-stone-blue.png	wordwindow-stone-red.png	wordwindow-stone-green.png	wordwindow-stone-yellow.png
ms-MY	17	2	1	5	en_uk_f2_04.m4a	Siti memetik 6 kuntum bunga. Siti meletakkan bunga itu sama banyak ke dalam 2 pasu. Setiap pasu ada berapa kuntum bunga?	2	3	5	6	kuntum	kuntum	kuntum	kuntum	6 = <3> + <3>	2	3	3	0	0					wordwindow-stone-yellow.png	wordwindow-stone-blue.png		
ms-MY	17	2	2	5	en_uk_f2_02.m4a	Ali dan kakaknya berkongsi 10 beg kerepek sama banyak. Ali mendapat berapa beg kerepek?	2	3	5	10	beg	beg	beg	beg	10 = <5> + <5>	3	5	5	0	0					wordwindow-stone-red.png	wordwindow-stone-blue.png		
ms-MY	17	2	3	5	en_uk_f2_05.m4a	Mei ada 18 keping biskut. Mei meletakkan biskut itu sama banyak di atas 2 pinggan. Setiap pinggan ada berapa keping biskut?	2	8	9	18	keping	keping	keping	keping	18 = <9> + <9>	3	9	9	0	0					wordwindow-stone-yellow.png	wordwindow-stone-green.png	wordwindow-stone-blue.png	
ms-MY	17	2	4	5	en_uk_f2_08.m4a	Cikgu Ali ada 18 buah buku. Cikgu Ali menyusun buku itu sama banyak di atas 3 rak. Setiap rak ada berapa buah buku?	3	6	16	18	buah	buah	buah	buah	18 = <6> + <6> + <6>	2	6	6	6	0					wordwindow-stone-yellow.png	wordwindow-stone-red.png	wordwindow-stone-green.png	
ms-MY	17	2	5	5	en_uk_f2_10.m4a	Kumar membeli 12 ekor ikan. Kumar memasukkan ikan itu sama banyak ke dalam 4 tangki. Setiap tangki ada berapa ekor ikan?	3	4	9	12	ekor	ekor	ekor	ekor	12 = <3> + <3> + <3> + <3>	1	3	3	3	3					wordwindow-stone-blue.png	wordwindow-stone-yellow.png	wordwindow-stone-red.png	wordwindow-stone-green.png
ms-MY	17	3	1	5	en_uk_f2_02.m4a	Ali dan kakaknya berkongsi 10 beg kerepek sama banyak. Ali mendapat berapa beg kerepek?	2	3	5	10	beg	beg	beg	beg	10 = <5> + <5>	3	5	5	0	0					wordwindow-stone-red.png	wordwindow-stone-blue.png		
ms-MY	17	3	2	5	en_uk_f2_04.m4a	Siti memetik 6 kuntum bunga. Siti meletakkan bunga itu sama banyak ke dalam 2 pasu. Setiap pasu ada berapa kuntum bunga?	2	3	5	6	kuntum	kuntum	kuntum	kuntum	6 = <3> + <3>	2	3	3	0	0					wordwindow-stone-yellow.png	wordwindow-stone-blue.png		
ms-MY	17	3	3	5	en_uk_f2_03.m4a	Petani ada 16 biji telur. Petani meletakkan telur itu sama banyak ke dalam 2 kotak. Setiap kotak ada berapa biji telur?	2	4	8	16	biji	biji	biji	biji	16 = <8> + <8>	3	8	8	0	0					wordwindow-stone-blue.png	wordwindow-stone-green.png		
ms-MY	17	3	4	5	en_uk_f2_07.m4a	Devi memetik 6 biji mangga. Devi menyimpan mangga itu sama banyak ke dalam 3 kotak. Setiap kotak ada berapa biji mangga?	2	3	5	6	biji	biji	biji	biji	6 = <2> + <2> + <2>	1	2	2	2	0					wordwindow-stone-red.png	wordwindow-stone-green.png	wordwindow-stone-blue.png	
ms-MY	17	3	5	5	en_uk_f2_09.m4a	20 orang murid dibahagikan sama banyak kepada 4 kumpulan. Setiap kumpulan ada berapa orang murid?	5	10	15	20	orang	orang	orang	orang	20 = <5> + <5> + <5> + <5>	1	5	5	5	5					wordwindow-stone-blue.png	wordwindow-stone-red.png	wordwindow-stone-green.png	wordwindow-stone-yellow.png
