title,Huruf M,m.m4a,book_en_m.jpg,square,audio,
page,1,mata.png,wordwrap,
paragraph
sentence,mata.m4a,0,
word,0,1.032,mata,mata.m4a,
page,2,meja.png,wordwrap,
paragraph
sentence,meja.m4a,0,
word,0,1.056,meja,meja.m4a,
page,3,muka.png,wordwrap,
paragraph
sentence,muka.m4a,0,
word,0,1.032,muka,muka.m4a,
page,4,mangga.png,wordwrap,
paragraph
sentence,mangga.m4a,0,
word,0,1.104,mangga,mangga.m4a,
page,5,monyet.png,wordwrap,
paragraph
sentence,monyet.m4a,0,
word,0,0.936,monyet,monyet.m4a,
page,6,murid.png,wordwrap,
paragraph
sentence,murid.m4a,0,
word,0,0.792,murid,murid.m4a,
