title,Huruf Z,z.m4a,book_en_z.jpg,square,audio,
page,1,zip.png,wordwrap,
paragraph
sentence,zip.m4a,0,
word,0,0.768,zip,zip.m4a,
page,2,zoo.png,wordwrap,
paragraph
sentence,zoo.m4a,0,
word,0,1.080,zoo,zoo.m4a,
page,3,zebra.png,wordwrap,
paragraph
sentence,zebra.m4a,0,
word,0,1.152,zebra,zebra.m4a,
page,4,zaitun.png,wordwrap,
paragraph
sentence,zaitun.m4a,0,
word,0,1.248,zaitun,zaitun.m4a,
page,5,zirafah.png,wordwrap,
paragraph
sentence,zirafah.m4a,0,
word,0,1.176,zirafah,zirafah.m4a,
page,6,zigzag.png,wordwrap,
paragraph
sentence,zigzag.m4a,0,
word,0,1.080,zigzag,zigzag.m4a,
