#missing_number - questionoption1: 숫자 간 간격 / questionoption2: 괄호 위치(미지정 시 랜덤) / questionoption3: ascending, descending 지정 가능, 없으면 둘 중 하나 / answerpoint1: 시작 수 세팅 (10=10의 배수, 5=5의 배수..), 없으면 랜덤                                                                                         #operations_with_objects - questionoption2: regroupingtrue시 받아올림,받아내림 강제. regroupingfalse시 받아올림, 받아내림 없음. 없으면 둘 중 하나.                                                                                         #operations_without_objects - questionoption3: vertical시 세로 연산. horizontal시 가로 연산. 없으면 둘 중 하나.                                                                                         #biggest_and_smallest - questionoption1: biggest시 가장 큰 수. smallest시 가장 작은 수.                                                                                         #bigger_and_smaller - questionoption1: bigger시 더 큰 수. smaller시 더 작은 수. / questionoption2: image, number 지정, 없으면 둘 중 하나 / questionoption3: image의 경우 lineup을 기재하면 정렬됨                                                                                         #compare_number_magnitudes - questionoption1: ascending, descending 지정 가능, 없으면 둘 중 하나 / answeroption1: 숫자 간 간격 지정, 없으면 지정하지 않음.                                                                                         #shapes - questionoption1: 질문, 음성 파일 명과 일치해야 함 / answerrange: 항목 중 답변을 하나 선택. 이미지 파일 명과 일치해야 함 / answeroption1 항목 중 보기 선택. 이미지 파일 명과 일치해야 함"											
#level	worksheet	leveltypesequence	type	templatename	questionoption1	questionoption2	questionoption3	questionoption4	questionoption5	answer	answeroption1			
PostTest_1	1	1001, 1001, 1002, 1002, 1003, 1004, 1004, 1005, 1005, 1006												
			1001	single_digit_numbers	howmany.m4a					1~5				
			1002	single_digit_numbers	howmany.m4a					4~9				
			1003	2digit_numbers	howmany.m4a					10	5~10			
			1004	recognize_number						1~9				
			1005	number_identification						1~9				
			1006	recognize_number						10	5~10			
PostTest_2	1	2001, 2002, 2001~2002, 2003, 2004, 2005, 2006, 2007, 2008, 2009												
			2001	2digit_numbers	howmany.m4a					11~15				
			2002	2digit_numbers	howmany.m4a					16~20				
			2003	recognize_number						16~19				
			2004	recognize_number						20	11~20			
			2005	number_identification						11~15				
			2006	bigger_and_smaller	bigger	image	lineup	Kumpulan manakah yang lebih besar?	which_group_is_bigger.m4a	1~10				
			2007	bigger_and_smaller	smaller	image	lineup	Kumpulan manakah yang lebih kecil?	which_group_is_smaller.m4a	1~10				
			2008	bigger_and_smaller	bigger	number		Yang mana lebih besar?	which_is_bigger.m4a	1~10				
			2009	bigger_and_smaller	smaller	number		Yang mana lebih kecil?	which_is_smaller.m4a	1~10				
MiniTest_3_1	1	31001, 31002, 31003, 31004, 31005												
			31001	2digit_numbers	howmany.m4a					10~20				
			31002	2digit_numbers	howmany.m4a					17~20				
			31003	recognize_number						1~20				
			31004	number_identification						11~19				
			31005	missing_number_drag	1	4	ascending			1~5				
MiniTest_3_2	1	32001, 32001, 32002, 32002, 32003												
			32001	operations_with_objects	1~4+1~4=?					2~5				
			32002	operations_with_objects	2~5-1~4=?					1~4				
			32003	missing_number_drag	1	4	descending			1~5				
MiniTest_3_3	1	33001, 33002, 33003, 33004, 33005												
			33001	bigger_and_smaller	bigger	number		Yang mana lebih besar?	which_is_bigger.m4a	1~10				
			33002	bigger_and_smaller	smaller	number		Yang mana lebih kecil?	which_is_smaller.m4a	1~10				
			33003	biggest_and_smallest	biggest	Yang mana paling besar?	which_is_the_biggest.m4a			1~10				
			33004	biggest_and_smallest	smallest	Yang mana paling kecil?	which_is_the_smallest.m4a			1~10				
			33005	compare_number_magnitudes	ascending	Susun nombor dari terkecil hingga terbesar.	order_the_numbers_from_smallest_to_largest.m4a			1~10				
PostTest_3	1	3001, 3002, 3003~3004, 3005, 3006, 3007~3008, 3009, 3010, 3011, 3012												
			3001	2digit_numbers	howmany.m4a					21~50				
			3002	recognize_number						21~50				
			3003	bigger_and_smaller	bigger	number		Yang mana lebih besar?	which_is_bigger.m4a	1~20				
			3004	bigger_and_smaller	smaller	number		Yang mana lebih kecil?	which_is_smaller.m4a	1~20				
			3005	compare_number_magnitudes	ascending	Susun nombor dari terkecil hingga terbesar.	order_the_numbers_from_smallest_to_largest.m4a			1~10				
			3006	compare_number_magnitudes	ascending	Susun nombor dari terkecil hingga terbesar.	order_the_numbers_from_smallest_to_largest.m4a			1~20				
			3007	biggest_and_smallest	biggest	Yang mana paling besar?	which_is_the_biggest.m4a			1~20				
			3008	biggest_and_smallest	smallest	Yang mana paling kecil?	which_is_the_smallest.m4a			1~20				
			3009	missing_number_drag	1	3	ascending			1~10				
			3010	missing_number_drag	1	4	descending			1~10				
			3011	operations_with_objects	1~10+1~10=?	regroupingfalse				1~10				
			3012	operations_with_objects	1~10-1~10=?	regroupingfalse				1~10				
MiniTest_4_1	1	41001, 41002, 41003, 41004, 41005												
			41001	recognize_number						21~50				
			41002	number_identification						51~99				
			41003	compare_number_magnitudes	ascending	Susun nombor dari terkecil hingga terbesar.	order_the_numbers_from_smallest_to_largest.m4a			1~20				
			41004	missing_number_drag	1	4	ascending			1~10				
			41005	bigger_and_smaller	bigger	number		Yang mana lebih besar?	which_is_bigger.m4a	20~50				
MiniTest_4_2	1	42001, 42002, 42003, 42004, 42005~42008												
			42001	2digit_numbers	howmany.m4a					51~100				
			42002	compare_number_magnitudes	ascending	Susun nombor dari terkecil hingga terbesar.	order_the_numbers_from_smallest_to_largest.m4a			1~20				
			42003	operations_with_objects	2~10-1~4=?					1~9				
			42004	operations_with_objects	2~10-5~9=?					1~9				
			42005	shapes	which	Yang mana bulatan?	which_is_a_circle			bulatan	bulatan,segi empat sama,segi tiga, segi empat tepat			
			42006	shapes	which	Yang mana segi empat sama?	which_is_a_square			segi tempat sama	bulatan,segi empat sama,segi tiga, segi empat tepat			
			42007	shapes	which	Yang mana segi tiga?	which_is_a_triangle			segi tiga	bulatan,segi empat sama,segi tiga, segi empat tepat			
			42008	shapes	which	Yang mana segi empat tepat?	which_is_a_rectangle			segi empat tepat	bulatan,segi empat sama,segi tiga, segi empat tepat			
PostTest_4	1	4001, 4002, 4003, 4004~4005, 4006, 4007, 4008, 4009~4010, 4011~4014, 4015												
			4001	2digit_numbers	howmany.m4a					51~100				
			4002	number_identification						51~99				
			4003	use_magnitude_symbols	11~50	11~50	Isi tempat kosong.	fill_in_the_blank.m4a						
			4004	biggest_and_smallest	biggest	Yang mana paling besar?	which_is_the_biggest.m4a			11~50				
			4005	biggest_and_smallest	smallest	Yang mana paling kecil?	which_is_the_smallest.m4a			11~50				
			4006	compare_number_magnitudes	ascending	Susun nombor dari terkecil hingga terbesar.	order_the_numbers_from_smallest_to_largest.m4a			1~50				
			4007	missing_number_drag	1	4	descending			1~20				
			4008	missing_number_drag	2	3	ascending			1~20	2			
			4009	operations_with_objects	1~20+1~20=?	regroupingfalse				1~20				
			4010	operations_with_objects	1~20-1~20=?	regroupingfalse				1~20				
			4011	shapes	which	Yang mana bulatan?	which_is_a_circle			bulatan	bulatan,segi empat sama,segi tiga, segi empat tepat			
			4012	shapes	which	Yang mana segi empat sama?	which_is_a_square			segi tempat sama	bulatan,segi empat sama,segi tiga, segi empat tepat			
			4013	shapes	which	Yang mana segi tiga?	which_is_a_triangle			segi tiga	bulatan,segi empat sama,segi tiga, segi empat tepat			
			4014	shapes	which	Yang mana segi empat tepat?	which_is_a_rectangle			segi empat tepat	bulatan,segi empat sama,segi tiga, segi empat tepat			
			4015	shapes	what	Apakah bentuk ini?	What_is_this_shape			bulatan,segi_empat_sama,segi_tiga,segi_empat_tepat	bulatan,segi_empat_sama,segi_tiga,segi_empat_tepat
MiniTest_5_1	1	51001, 51002, 51003, 51004, 51005												
			51001	operations_drag	1~9+1~9=?		horizontal			1~10				
			51002	operations_drag	1~10-1~9=?		horizontal			1~9				
			51003	operations_drag	10-1~9=?		horizontal			1~9				
			51004	biggest_and_smallest	biggest	Yang mana paling besar?	which_is_the_biggest.m4a			11~50				
			51005	missing_number_drag	1	4	descending			1~20				
MiniTest_5_2	1	52001, 52002, 52003, 52004, 52005												
			52001	operations_drag	10+1~9=?		vertical			11~19				
			52002	operations_drag	11~20+1~10=?		vertical			11~19				
			52003	missing_number_drag	10	4	ascending			1~50	10			
			52004	operations_with_objects	1~9+1~9=?					10				
			52005	use_magnitude_symbols	11~50	11~50	Isi tempat kosong.	fill_in_the_blank.m4a						
MiniTest_5_3	1	53001, 53002, 53003, 53004, 53005												
			53001	operations_with_objects	1~9+1~9=?	regroupingtrue				1~20				
			53002	operations_with_objects	10-1~9=?	regroupingtrue				1~9				
			53003	operations_drag	11~20-1~10=?		vertical			10~20				
			53004	compare_number_magnitudes	ascending	Susun nombor dari terkecil hingga terbesar.	order_the_numbers_from_smallest_to_largest.m4a			1~50				
			53005	shapes	what	Apakah bentuk ini?	What_is_this_shape			pentagon,heksagon,segi_empat_selari,trapezium	pentagon,heksagon,segi_empat_selari,trapezium
PostTest_5	1	5001, 5002~5003, 5004~5007, 5008~5010, 5011, 5012, 5013, 5014, 5015~5018, 5019												
			5001	recognize_number						51~100				
			5002	use_magnitude_symbols	41~50	41~50	Isi tempat kosong.	fill_in_the_blank.m4a						
			5003	use_magnitude_symbols	16~19	31~34	Isi tempat kosong.	fill_in_the_blank.m4a						
			5004	biggest_and_smallest	biggest	Yang mana paling besar?	which_is_the_biggest.m4a			11~50				
			5005	biggest_and_smallest	smallest	Yang mana paling kecil?	which_is_the_smallest.m4a			11~50				
			5006	compare_number_magnitudes	ascending	Susun nombor dari terkecil hingga terbesar.	order_the_numbers_from_smallest_to_largest.m4a			11~50				
			5007	compare_number_magnitudes	descending	Susun nombor dari terbesar hingga terkecil.	order_the_numbers_from_largest_to_smallest.m4a			11~50				
			5008	missing_number_drag	1	2	ascending			1~50				
			5009	missing_number_drag	5	3	ascending			1~50	5			
			5010	missing_number_drag	10	4	descending			1~50	10			
			5011	operations_with_objects	1~9+1~9=?	regroupingtrue				11~18				
			5012	operations_drag	1~9+1~9=?		vertical			10				
			5013	operations_drag	10+1~10=?		horizontal			11~19				
			5014	operations_drag	10-1~9=?		vertical			1~9				
			5015	shapes	which	Yang mana pentagon?	Which_is_a_pentagon			pentagon	pentagon,heksagon,segi_empat_selari,trapezium
			5016	shapes	which	Yang mana heksagon?	Which_is_a_hexagon			heksagon	pentagon,heksagon,segi_empat_selari,trapezium
			5017	shapes	which	Yang mana segi empat selari?	Which_is_a_parallelogram			segi empat selari	pentagon,heksagon,segi_empat_selari,trapezium
			5018	shapes	which	Yang mana trapezoid?	Which_is_a_trapezoid			trapezium	pentagon,heksagon,segi_empat_selari,trapezium
			5019	shapes	what	Apakah bentuk ini?	What_is_this_shape			silinder,kubus,sfera,kon	silinder,kubus,sfera,kon
MiniTest_6_1	1	61001, 61002, 61003, 61004, 61005												
			61001	missing_number_drag	1	3	ascending			51~100				
			61002	missing_number_drag	10	4	ascending			51~100	10			
			61003	number_identification						51~100				
			61004	operations_with_objects	11~19+1~9=?	regroupingtrue				20				
			61005	operations_drag	1~9+1~9=?	regroupingtrue	vertical			10~19				
MiniTest_6_2	1	62001~62002, 62003, 62004, 62005, 62006												
			62001	biggest_and_smallest	biggest	Yang mana paling besar?	which_is_the_biggest.m4a			51~100				
			62002	biggest_and_smallest	smallest	Yang mana paling kecil?	which_is_the_smallest.m4a			51~100				
			62003	use_magnitude_symbols	51~100	51~100	Isi tempat kosong.	fill_in_the_blank.m4a						
			62004	operations_drag	11~20-10=?		horizontal			1~10				
			62005	operations_drag	11~20-1~9=?	regroupingtrue	vertical			1~10				
			62006	compare_number_magnitudes	ascending	Susun nombor dari terkecil hingga terbesar.	order_the_numbers_from_smallest_to_largest.m4a			51~99				
MiniTest_6_3	1	63001, 63002, 63003, 63004~63005, 63006												
			63001	missing_number_drag	10	3	descending			51~100	10			
			63002	operations_with_objects	11~20-1~9=?	regroupingtrue				1~20				
			63003	operations_drag	1~20+1~20=?	regroupingtrue	vertical			20				
			63004	operations_drag	20-1~9=?	regroupingtrue	vertical			11~19				
			63005	operations_drag	20-11~19=?	regroupingtrue	vertical			1~9				
			63006	compare_number_magnitudes	ascending	Susun nombor dari terkecil hingga terbesar.	order_the_numbers_from_smallest_to_largest.m4a			71~99				
PostTest_6	1	6001, 6002, 6003, 6004~6005, 6006~6007, 6008~6009, 6010, 6011, 6012, 6013~6014												
			6001	recognize_number						51~100				
			6002	3digit_numbers	howmany.m4a					100~110				
			6003	use_magnitude_symbols	51~100	51~100	Isi tempat kosong.	fill_in_the_blank.m4a						
			6004	biggest_and_smallest	biggest	Yang mana paling besar?	which_is_the_biggest.m4a			51~100				
			6005	biggest_and_smallest	smallest	Yang mana paling kecil?	which_is_the_smallest.m4a			51~100				
			6006	missing_number_drag	10	2	ascending			50~100	10			
			6007	missing_number_drag	5	2	ascending			51~100	5			
			6008	missing_number_drag	1	3	descending			51~100				
			6009	missing_number_drag	10	3	descending			51~100	10			
			6010	operations_with_objects	1~9+1~9=?	regroupingtrue				11~18				
			6011	operations_with_objects	11~20-1~9=?	regroupingtrue				2~19				
			6012	operations_drag	11~20-1~10=?	regroupingfalse	horizontal			1~10				
			6013	operations_drag	11~19+1~9=?	regroupingtrue	vertical			20				
			6014	operations_drag	20-1~9=?	regroupingtrue	vertical			11~19				
MiniTest_7_1	1	71001,71002, 71003, 71004, 71005												
			71001	missing_number_drag	3	4	ascending			1~20	3			
			71002	operations_with_objects	11~19-1~9=?	regroupingtrue				1~9				
			71003	operations_drag	1~10+1~10=?	regroupingtrue	vertical			10~20				
			71004	compare_number_magnitudes	ascending	Susun nombor dari terkecil hingga terbesar.	order_the_numbers_from_smallest_to_largest.m4a			51~99				
			71005	word_problem	Di dalam bakul ada 7 biji epal merah dan 2 biji epal hijau. Berapakah jumlah epal di dalam bakul?	en_uk_a1_08.m4a				9				
MiniTest_7_2	1	72001, 72002, 72003, 72004, 72005												
			72001	missing_number_drag	2	4	descending			1~10	2			
			72002	operations_drag	11~19+11~19=?	regroupingfalse	horizontal			20~30				
			72003	operations_drag	20-1~10=?		horizontal			1~10				
			72004	compare_number_magnitudes	descending	Susun nombor dari terbesar hingga terkecil.	order_the_numbers_from_largest_to_smallest.m4a			51~99				
			72005	word_problem	Ravi ada 2 biji guli. Aini ada 3 biji guli lebih daripada Ravi. Aini ada berapa biji guli?	en_uk_d3_02.m4a				5				
MiniTest_7_3	1	73001, 73002, 73003, 73004, 73005												
			73001	compare_number_magnitudes	ascending	Susun nombor dari terkecil hingga terbesar.	order_the_numbers_from_smallest_to_largest.m4a			71~99				
			73002	missing_number_drag	2	3	descending			11~30	2			
			73003	operations_with_objects	11~19+11~19=?	regroupingtrue				20~40				
			73004	operations_drag	21~50-10~20=?	regroupingfalse	vertical			1~40				
			73005	word_problem	Ali ada 5 biji epal. Dia makan 2 biji epal. Ali masih ada berapa biji epal?	en_uk_b1_01.m4a				3				
PostTest_7	1	7001, 7002~7003, 7004, 7005, 7006~7007, 7008, 7009, 7010~7011, 7012, 7013												
			7001	use_magnitude_symbols	51~100	51~100	Isi tempat kosong.	fill_in_the_blank.m4a						
			7002	compare_number_magnitudes	ascending	Susun nombor dari terkecil hingga terbesar.	order_the_numbers_from_smallest_to_largest.m4a			51~100				
			7003	compare_number_magnitudes	descending	Susun nombor dari terbesar hingga terkecil.	order_the_numbers_from_largest_to_smallest.m4a			51~100				
			7004	missing_number_drag	3	4	ascending			10~50	3			
			7005	missing_number_drag	5	3	descending			10~50	5			
			7006	operations_with_objects	11~19+1~9=?	regroupingtrue				20~30				
			7007	operations_with_objects	1~9+11~19=?	regroupingtrue				20~30				
			7008	operations_with_objects	11~19+11~19=?	regroupingtrue				20~40				
			7009	operations_drag	11~50-11~30=?	regroupingfalse	vertical			1~50				
			7010	word_problem	Kavita menangkap 5 ekor ikan pada waktu pagi. Kavita menangkap 4 ekor ikan lagi pada waktu petang. Berapakah jumlah ikan yang ditangkap oleh Kavita?	en_uk_a1_01.m4a				9				
			7011	word_problem	Kumar ada 2 ekor kambing di ladangnya. Dia ada 6 ekor ayam lebih banyak daripada kambing. Kumar ada berapa ekor ayam?	en_uk_d3_07.m4a				8				
			7012	word_problem	4 ekor burung sedang berehat di atas dahan. Seekor burung terbang pergi. Berapakah bilangan burung yang tinggal di atas dahan?	en_uk_b1_03.m4a				3				
			7013	word_problem	Ravi ada 7 biji belon. Ali ada 5 biji belon. Ravi ada berapa biji belon lebih daripada Ali?	en_uk_d1_02.m4a				2				
MiniTest_8_1	1	81001, 81002, 81003, 81004, 81005												
			81001	use_magnitude_symbols	100, 200, 300, 400, 500, 600, 700, 800, 900	100, 200, 300, 400, 500, 600, 700, 800, 900	Isi tempat kosong.	fill_in_the_blank.m4a						
			81002	missing_number_drag	2	4	descending			50~100	2			
			81003	operations_drag	11~50+11~50=?	regroupingfalse	vertical			20~50				
			81004	operations_drag	11~50-11~50=?	regroupingfalse	vertical			20~50				
			81005	word_problem	Di dalam tangki ada 14 ekor ikan. Kavita masukkan 3 ekor ikan lagi ke dalam tangki. Berapakah jumlah ikan di dalam tangki sekarang?	en_uk_a1_04.m4a				17				
MiniTest_8_2	1	82001, 82002, 82003, 82004, 82005												
			82001	compare_number_magnitudes	descending	Susun nombor dari terbesar hingga terkecil.	order_the_numbers_from_largest_to_smallest.m4a			51~100				
			82002	missing_number_drag	1	4	ascending			100~500				
			82003	operations_drag	21~40+11~20=?	regroupingtrue	vertical			30~60				
			82004	word_problem	Di meja makan ada 5 biji pinggan. 10 orang dijemput makan. Berapa biji pinggan lagi diperlukan?	en_uk_d3_09.m4a				5				
			82005	word_problem	12 ekor kucing duduk di atas pagar. Seekor kucing melompat turun. Berapa ekor kucing yang masih ada di atas pagar?	en_uk_b1_09.m4a				11				
MiniTest_8_3	1	83001, 83002, 83003, 83004, 83005												
			83001	missing_number_drag	100	2	ascending			100~900	100			
			83002	operations_drag	11~18-1~9=?	regroupingtrue	horizontal			1~9				
			83003	operations_drag	21~50-11~30=?	regroupingtrue	vertical			1~40				
			83004	word_problem	Mei ada 8 biji oren. Lina ada 4 biji oren. Mereka ada berapa biji oren semuanya?	en_uk_a2_08.m4a				12				
			83005	word_problem	Mei berumur 5 tahun. Lina 7 tahun lebih tua daripada Mei. Lina berumur berapa tahun?	en_uk_d4_10.m4a				12				
PostTest_8	1	8001, 8002, 8003, 8004, 8005, 8006, 8007, 8008, 8009, 8010												
			8001	compare_number_magnitudes	ascending	Susun nombor dari terkecil hingga terbesar.	order_the_numbers_from_smallest_to_largest.m4a			300~700				
			8002	missing_number_drag	1	3	ascending			200~999				
			8003	missing_number_drag	100	4	ascending			200~999	100			
			8004	missing_number_drag	100	4	descending			100~500	100			
			8005	operations_drag	11~50+11~20=?	regroupingtrue	vertical			1~50				
			8006	operations_drag	31~50-11~20=?	regroupingtrue	vertical			1~50				
			8007	word_problem	Ali ada 6 buah buku. Amir ada 2 buah buku. Berapakah jumlah buku yang mereka ada?	en_uk_a1_05.m4a				8				
			8008	word_problem	Kumar ada 11 biji mangga di dalam bakul. Kumar memberikan 4 biji mangga kepada kakaknya. Berapa biji mangga di dalam bakul sekarang?	en_uk_b2_05.m4a				7				
			8009	word_problem	Kumar berumur 12 tahun. Ravi berumur 8 tahun. Ravi berapa tahun lebih muda daripada Kumar?	en_uk_d2_06.m4a				4				
			8010	word_problem	Seorang petani mengutip 16 biji telur. Petani itu menggunakan 4 biji telur untuk membuat sarapan. Berapa biji telur yang tinggal?	en_uk_b1_06.m4a				12				
MiniTest_9_1	1	91001~91003, 91004, 91005, 91006, 91007												
			91001	operations_drag	11~99+10, 20, 30, 40, 50, 60, 70, 70, 80=?		horizontal			1~100				
			91002	operations_drag	10, 20, 30, 40, 50, 60, 70, 80+11~99=?		horizontal			1~100				
			91003	operations_drag	10, 20, 30, 40, 50, 60, 70, 80, 90-5,10=?		horizontal			1~100				
			91004	operations_without_objects	2, 3, 4, 5x1~9=?		horizontal			2~45				
			91005	missing_number_drag	10	3	ascending			500~990	10			
			91006	word_problem	Mei ada 9 belon. 6 belon berwarna hijau dan selebihnya berwarna biru. Berapa biji belon berwarna biru?	en_uk_c1_04.m4a				3				
			91007	shapes	what	Apakah bentuk ini?	What_is_this_shape			bulatan,segi_empat_sama,segi_tiga,segi_empat_sama	bulatan,segi_empat_sama,segi_tiga,segi_empat_tepat			
MiniTest_9_2	1	92001~92002, 92003, 92004, 92005, 92006												
			92001	missing_number_drag	1	4	descending			100~999				
			92002	missing_number_drag	5	3	ascending			100~999	5			
			92003	operations_drag	31~50+20~50=?	regroupingfalse	vertical			1~100				
			92004	operations_drag	10~99-10=?		vertical			1~90				
			92005	operations_without_objects	6, 7, 8, 9x1~9=?		horizontal			6~81				
			92006	word_problem	Seorang petani ada 7 pokok betik. Petani itu menanam beberapa pokok betik lagi. Sekarang, petani itu ada 10 pokok betik di kebunnya. Berapakah bilangan pokok betik yang baru ditanam oleh petani itu?	en_uk_e1_04.m4a				3				
MiniTest_9_3	1	93001, 93002, 93003, 93004, 93005												
			93001	operations_drag	11~30+20~70=?	regroupingtrue	vertical			1~99				
			93002	operations_drag	20~70-11~30=?	regroupingtrue	vertical			1~99				
			93003	missing_number_drag	10	4	descending			100~999	10			
			93004	word_problem	Pasukan tenis ada 12 orang pemain. 6 orang pemain ialah perempuan. Selebihnya ialah lelaki. Berapa orang pemain lelaki?	en_uk_c2_09.m4a				6				
			93005	shapes	what	Apakah bentuk ini?	What_is_this_shape			pentagon,heksagon,segi_empat_selari,trapezium	pentagon,heksagon,segi_empat_selari,trapezium
PostTest_9	1	9001, 9002, 9003, 9004, 9005, 9006, 9007, 9008, 9009, 9010												
			9001	operations_drag	20~70-11~30=?	regroupingtrue	vertical			1~100				
			9002	operations_drag	11~30+20~70=?	regroupingtrue	vertical			1~100				
			9003	missing_number_drag	5	4	descending			100~999	5			
			9004	missing_number_drag	3	3	ascending			1~20				
			9005	operations_without_objects	2~9x2~9=?		horizontal			4~81				
			9006	word_problem	Ravi ada 4 biji guli. Aini memberi beberapa biji guli kepada Ravi. Sekarang, Ravi ada 6 biji guli. Berapa biji guli yang Aini beri kepada Ravi?	en_uk_e1_02.m4a				2				
			9007	word_problem	Ali ada 10 biji epal. Ali makan beberapa biji epal. Sekarang tinggal 4 biji epal. Ali makan berapa biji epal?	en_uk_e2_01.m4a				6				
			9008	shapes	what	Apakah bentuk ini?	What_is_this_shape			silinder,kubus,sfera,kon	silinder,kubus,sfera,kon
			9009	word_problem	Seekor lebah ada 6 kaki. 2 ekor lebah ada berapa kaki semuanya?	en_uk_f1_02.m4a				12				
			9010	word_problem	Ibu ada 8 biji gula-gula. Ibu memberi gula-gula itu sama banyak kepada 2 orang anaknya. Setiap anak mendapat berapa biji gula-gula?	en_uk_f2_01.m4a				4				
SpecialTest_1	1	10001, 10002, 10003, 10004, 10005												
			10001	compare_number_magnitudes	ascending	Susun nombor dari terkecil hingga terbesar.	order_the_numbers_from_smallest_to_largest.m4a			1~6	1			
			10002	compare_number_magnitudes	ascending	Susun nombor dari terkecil hingga terbesar.	order_the_numbers_from_smallest_to_largest.m4a			5~10	1			
			10003	use_magnitude_symbols	1~10	1~10	Isi tempat kosong.	fill_in_the_blank.m4a			2			
			10004	compare_number_magnitudes	descending	Susun nombor dari terbesar hingga terkecil.	order_the_numbers_from_largest_to_smallest.m4a			1~6	1			
			10005	compare_number_magnitudes	descending	Susun nombor dari terbesar hingga terkecil.	order_the_numbers_from_largest_to_smallest.m4a			5~10	1			
SpecialTest_2	1	20001, 20002, 20003, 20004, 20005												
			20001	compare_number_magnitudes	ascending	Susun nombor dari terkecil hingga terbesar.	order_the_numbers_from_smallest_to_largest.m4a			11~50				
			20002	compare_number_magnitudes	ascending	Susun nombor dari terkecil hingga terbesar.	order_the_numbers_from_smallest_to_largest.m4a			51~99				
			20003	use_magnitude_symbols	11~50	11~50	Isi tempat kosong.	fill_in_the_blank.m4a						
			20004	use_magnitude_symbols	11~99	11~99	Isi tempat kosong.	fill_in_the_blank.m4a						
			20005	compare_number_magnitudes	descending	Susun nombor dari terbesar hingga terkecil.	order_the_numbers_from_largest_to_smallest.m4a			11~99				
SpecialTest_3	1	30001, 30002, 30003, 30004, 30005												
			30001	compare_number_magnitudes	ascending	Susun nombor dari terkecil hingga terbesar.	order_the_numbers_from_smallest_to_largest.m4a			100~500				
			30002	compare_number_magnitudes	ascending	Susun nombor dari terkecil hingga terbesar.	order_the_numbers_from_smallest_to_largest.m4a			100~999				
			30003	compare_number_magnitudes	descending	Susun nombor dari terbesar hingga terkecil.	order_the_numbers_from_largest_to_smallest.m4a			100~500				
			30004	use_magnitude_symbols	100, 200, 300, 400, 500, 600, 700, 800, 900	100, 200, 300, 400, 500, 600, 700, 800, 900	Isi tempat kosong.	fill_in_the_blank.m4a						
			30005	use_magnitude_symbols	100~999	100~999	Isi tempat kosong.	fill_in_the_blank.m4a						
SpecialTest_4	1	40001, 40002, 40003, 40004, 40005												
			40001	missing_number_drag	1	4	ascending			1~10				
			40002	missing_number_drag	2	3	ascending			1~20	2			
			40003	missing_number_drag	1	2	ascending			1~20				
			40004	missing_number_drag	1	4	descending			1~20				
			40005	missing_number_drag	2	3	descending			1~20	2			
SpecialTest_5	1	50001, 50002, 50003, 50004, 50005												
			50001	missing_number_drag	1	4	ascending			21~99				
			50002	missing_number_drag	10	2	ascending			21~99	10			
			50003	missing_number_drag	5	3	ascending			21~99	5			
			50004	missing_number_drag	1	4	descending			21~99				
			50005	missing_number_drag	10	3	descending			21~99	10			
SpecialTest_6	1	60001, 60002, 60003, 60004, 60005												
			60001	missing_number_drag	5	4	ascending			100~999	5			
			60002	missing_number_drag	100	2	ascending			100~999	100			
			60003	missing_number_drag	10	3	ascending			100~999	10			
			60004	missing_number_drag	1	4	descending			100~999				
			60005	missing_number_drag	10	3	descending			100~999	10			
SpecialTest_7	1	70001, 70002, 70002~70003, 70003, 70004												
			70001	operations_with_objects	1~9+1~9=?		horizontal			1~9				
			70002	operations_with_objects	1~9+1~9=?		horizontal			1~9				
			70003	operations_drag	1~9+1~9=?		horizontal			1~9				
			70004	operations_drag	1~9+1~9=?		horizontal			10				
SpecialTest_8	1	80001, 80002, 80003, 80004, 80005												
			80001	operations_drag	10+1~9=?		horizontal			11~19				
			80002	operations_with_objects	11~18+1~8=?	regroupingfalse	horizontal			11~19				
			80003	operations_with_objects	1~8+11~18=?	regroupingfalse	horizontal			11~19				
			80004	operations_drag	11~18+1~8=?	regroupingfalse	horizontal			11~19				
			80005	operations_drag	1~8+11~18=?	regroupingfalse	horizontal			11~19				
SpecialTest_9	1	90001, 90002, 90003~90004, 90005~90006, 90007												
			90001	operations_with_objects	1~9+1~9=?	regroupingtrue	horizontal			11~19				
			90002	operations_drag	1~9+1~9=?	regroupingtrue	horizontal			11~19				
			90003	operations_with_objects	10~19+1~10=?		horizontal			20				
			90004	operations_with_objects	1~10+10~19=?		horizontal			20				
			90005	operations_drag	1~10+10~19=?		horizontal			20				
			90006	operations_drag	10~19+1~10=?		horizontal			20				
			90007	operations_drag	1~9+1~9=?	regroupingtrue	vertical			11~19				
SpecialTest_10	1	100001, 100002, 100003, 100004, 100005												
			100001	operations_drag	10,20,30,40,50,60,70,80,90+10,20,30,40,50,60,70,80,90=?	regroupingfalse	horizontal			30~90				
			100002	operations_drag	10,20,30,40,50,60,70,80,90+10~89=?	regroupingfalse	horizontal			20~99				
			100003	operations_drag	11~19+10~99=?	regroupingfalse	vertical			21~50				
			100004	operations_drag	11~99+10~99=?	regroupingfalse	vertical			21~99				
			100005	operations_drag	11~99+10~99=?	regroupingfalse	vertical			51~99				
SpecialTest_11	1	110001, 110002, 110003~110004, 110005, 110005												
			110001	operations_with_objects	11~19+11~19=?	regroupingtrue	vertical			20~40				
			110002	operations_drag	21~49+1~9=?	regroupingtrue	vertical			21~50				
			110003	operations_drag	11~29+11~29=?	regroupingtrue	vertical			40				
			110004	operations_drag	11~39+11~39=?	regroupingtrue	vertical			50				
			110005	operations_drag	11~39+11~39=?	regroupingtrue	vertical			21~50				
SpecialTest_12	1	120001, 120002, 120003, 120003, 120004												
			120001	operations_drag	10,20,30,40,50,60,70,80,90+10,20,30,40,50,60,70,80,90=?	regroupingtrue	horizontal			100				
			120002	operations_drag	11~89+11~89=?	regroupingtrue	vertical			100				
			120003	operations_drag	11~59+11~59=?	regroupingtrue	vertical			30~70				
			120004	operations_drag	11~89+11~89=?	regroupingtrue	vertical			71~100				
SpecialTest_13	1	130001~130010, 130001~130010, 130001~130010, 130001~130010, 130001~130010												
			130001	word_problem	Siti mendapat stiker bintang ketika membuat latihan Matematik di sekolah. Semalam, Siti mendapat 4 bintang. Hari ini, Siti mendapat 3 bintang lagi. Siti ada berapa bintang sekarang?	en_uk_a1_03.m4a				7				
			130002	word_problem	Ali ada 6 buah buku. Amir ada 2 buah buku. Berapakah jumlah buku yang mereka ada?	en_uk_a1_05.m4a				8				
			130003	word_problem	Lina mengira 12 ekor burung di atas pokok. Lina juga mengira 7 ekor burung di padang. Berapakah jumlah burung yang dikira oleh Lina?	en_uk_a1_09.m4a				19				
			130004	word_problem	Seorang petani menanam 5 baris jagung pada waktu pagi. Petani itu menanam 7 baris jagung lagi pada waktu petang. Petani itu menanam berapa baris jagung semuanya?	en_uk_a2_03.m4a				12				
			130005	word_problem	Di dalam bas ada 6 orang budak perempuan dan 7 orang budak lelaki. Berapa orang budak-budak di dalam bas semuanya?	en_uk_a2_05.m4a				13				
			130006	word_problem	Kavita menangkap 5 ekor ikan pada waktu pagi. Kavita menangkap 4 ekor ikan lagi pada waktu petang. Berapakah jumlah ikan yang ditangkap oleh Kavita?	en_uk_a1_01.m4a				9				
			130007	word_problem	Mei masak 3 biji ubi pada waktu pagi dan 5 biji ubi pada waktu petang. Berapakah jumlah ubi yang dimasak oleh Mei?	en_uk_a1_06.m4a				8				
			130008	word_problem	Kumar mendapat 3 helai baju baharu pada hari lahirnya. Kumar sudah ada 5 helai baju. Kumar ada berapa helai baju sekarang?	en_uk_a1_10.m4a				8				
			130009	word_problem	Aini meniup 6 biji belon pada waktu pagi dan 5 biji belon pada waktu petang. Berapakah jumlah belon yang ditiup oleh Aini?	en_uk_a2_01.m4a				11				
			130010	word_problem	Di dalam laci ada 7 batang pensel. Ali meletakkan 9 batang pensel lagi ke dalam laci. Berapakah jumlah pensel di dalam laci sekarang?	en_uk_a2_07.m4a				16				
SpecialTest_14	1	140001~140010, 140001~140010, 140001~140010, 140001~140010, 140001~140010												
			140001	word_problem	Ravi ada 2 biji guli. Aini ada 3 biji guli lebih daripada Ravi. Aini ada berapa biji guli?	en_uk_d3_02.m4a				5				
			140002	word_problem	Ali membeli sebuah buku. Amir membeli 3 buah buku lebih banyak daripada Ali. Amir membeli berapa buah buku?	en_uk_d3_04.m4a				4				
			140003	word_problem	Di meja makan ada 5 biji pinggan. 10 orang dijemput makan. Berapa biji pinggan lagi diperlukan?	en_uk_d3_09.m4a				15				
			140004	word_problem	Siti ada 9 batang pensel. Aini ada 5 batang pensel lebih banyak daripada Siti. Aini ada berapa batang pensel?	en_uk_d4_02.m4a				14				
			140005	word_problem	Kumar ada 2 ekor kambing di ladangnya. Dia ada 6 ekor ayam lebih banyak daripada kambing. Kumar ada berapa ekor ayam?	en_uk_d3_07.m4a				8				
			140006	word_problem	Mei berumur 5 tahun. Lina 2 tahun lebih tua daripada Mei. Berapakah umur Lina?	en_uk_d3_01.m4a				7				
			140007	word_problem	Bilik darjah Cikgu Mimi ada 14 buah kerusi. Bilik darjah Cikgu Ali ada 3 buah kerusi lebih banyak daripada bilik darjah Cikgu Mimi. Bilik darjah Cikgu Ali ada berapa buah kerusi?	en_uk_d3_10.m4a				17				
			140008	word_problem	Hao ada 7 biji rambutan. Ming ada 4 biji rambutan lebih banyak daripada Hao. Ming ada berapa biji rambutan?	en_uk_d4_01.m4a				11				
			140009	word_problem	Ravi ada 7 biji bola. Amir ada 6 biji bola lebih banyak daripada Ravi. Amir ada berapa biji bola?	en_uk_d4_03.m4a				13				
			140010	word_problem	Ali ada 4 batang pensel. Kakak Ali ada 8 batang pensel lebih banyak daripada Ali. Kakak Ali ada berapa batang pensel?	en_uk_d4_08.m4a				12				
SpecialTest_15	1	150001~150010, 150001~150010, 150001~150010, 150001~150010, 150001~150010												
			150001	word_problem	Aini ada 5 buah buku. 3 buah buku ialah buku Sains dan selebihnya ialah buku cerita. Aini ada berapa buah buku cerita?	en_uk_c1_08.m4a				2				
			150002	word_problem	Kucing Amir ada 9 ekor anak kucing. 5 ekor daripadanya berwarna putih dan selebihnya berwarna kelabu. Berapa anak kucing Amir berwarna kelabu?	en_uk_c1_09.m4a				4				
			150003	word_problem	Cikgu Mimi ada 9 orang murid. 6 orang daripadanya ialah murid lelaki. Cikgu Mimi ada berapa orang murid perempuan?	en_uk_c1_01.m4a				3				
			150004	word_problem	Cikgu Ali ada 12 orang murid. 7 orang murid hadir. Berapa orang murid yang tidak hadir?	en_uk_c2_05.m4a				5				
			150005	word_problem	Di dalam kelas ada 16 orang kanak-kanak. Beberapa orang kanak-kanak keluar bermain. 7 orang kanak-kanak tinggal di dalam kelas. Berapa orang kanak-kanak di luar?	en_uk_c2_08.m4a				9				
			150006	word_problem	Mei ada 9 belon. 6 belon berwarna hijau dan selebihnya berwarna biru. Berapa biji belon berwarna biru?	en_uk_c1_04.m4a				3				
			150007	word_problem	Kavita dan abangnya memetik 6 biji mangga bersama-sama. Kavita memetik 4 biji mangga. Abangnya memetik berapa biji?	en_uk_c1_07.m4a				2				
			150008	word_problem	Hao dan Siti melukis 8 gambar bersama-sama. Hao melukis 3 gambar. Berapa gambar yang Siti lukis?	en_uk_c1_10.m4a				5				
			150009	word_problem	Lina dan Kavita menangkap 14 ekor kelip-kelip bersama-sama. Lina menangkap 5 ekor kelip-kelip. Kavita menangkap berapa ekor kelip-kelip?	en_uk_c2_03.m4a				9				
			150010	word_problem	Sekeping kayu panjangnya 13 inci. Kayu itu dipotong kepada dua bahagian. Satu bahagian panjangnya 6 inci. Berapakah panjang bahagian yang satu lagi?	en_uk_c2_06.m4a				7				
SpecialTest_16	1	160001~160010, 160001~160010, 160001~160010, 160001~160010, 160001~160010												
			160001	word_problem	Seorang petani ada 7 pokok betik. Petani itu menanam beberapa pokok betik lagi. Sekarang, petani itu ada 10 pokok betik di kebunnya. Berapakah bilangan pokok betik yang baru ditanam oleh petani itu?	en_uk_e1_04.m4a				3				
			160002	word_problem	Pasukan bola sepak menjaringkan 3 gol pada separuh masa pertama. Kemudian, mereka menjaringkan beberapa gol lagi pada separuh masa kedua. Mereka menjaringkan 5 gol semuanya. Berapakah bilangan gol yang dijaringkan pada separuh masa kedua?	en_uk_e1_05.m4a				2				
			160003	word_problem	Ravi membaca 6 halaman buku sebelum makan tengah hari. Selepas makan tengah hari, Ravi membaca beberapa halaman lagi. Jika Ravi membaca 9 halaman semuanya, berapakah bilangan halaman yang dibaca oleh Ravi selepas makan tengah hari?	en_uk_e1_08.m4a				3				
			160004	word_problem	Hao pergi ke sebuah kedai dan membeli beberapa helai kemeja-T. Kemudian, Hao pergi ke kedai lain dan membeli 2 helai kemeja-T lagi. Hao membeli 7 helai kemeja-T semuanya. Berapakah bilangan kemeja-T yang dibeli oleh Hao di kedai pertama?	en_uk_e1_10.m4a				5				
			160005	word_problem	Ali ada beberapa keping setem. Abang Ali memberi Ali 6 keping setem. Sekarang, Ali ada 10 keping setem. Ali ada berapa keping setem pada mulanya?	en_uk_e1_01.m4a				4				
			160006	word_problem	Lina memetik 3 kuntum bunga pada waktu pagi. Lina memetik beberapa kuntum bunga lagi pada waktu petang. Jika Lina memetik 8 kuntum bunga semuanya, berapakah kuntum bunga yang dipetik oleh Lina pada waktu petang?	en_uk_e1_03.m4a				5				
			160007	word_problem	Ali ada beberapa ekor cengkerik di dalam bekasnya. Ali mengumpul 5 ekor cengkerik lagi. Sekarang, Ali ada 10 ekor cengkerik. Ali ada berapa ekor cengkerik pada mulanya?	en_uk_e1_06.m4a				5				
			160008	word_problem	Devi ada beberapa biji kerang di dalam baldinya. Devi menjumpai 2 biji kerang lagi. Sekarang, Devi ada 8 biji kerang semuanya. Devi ada berapa biji kerang pada mulanya?	en_uk_e1_07.m4a				6				
			160009	word_problem	Mei nampak 4 ekor kucing di halaman rumahnya sebelum tidur. Apabila Mei bangun, dia nampak 7 ekor kucing di halaman rumahnya. Berapa ekor kucing yang datang semasa Mei tidur?	en_uk_e1_09.m4a				3				
			160010	word_problem	Ravi ada 4 biji guli. Aini memberi beberapa biji guli kepada Ravi. Sekarang, Ravi ada 6 biji guli. Berapa biji guli yang Aini beri kepada Ravi?	en_uk_e1_02.m4a				2				
SpecialTest_17	1	170001, 170002, 170003, 170004, 170003~170004												
			170001	operations_with_objects	1~9-1~9=?		horizontal			1~8				
			170002	operations_with_objects	10-1~9=?		horizontal			1~9				
			170003	operations_drag	1~9-1~9=?		horizontal			1~8				
			170004	operations_drag	10-1~9=?		horizontal			1~9				
SpecialTest_18	1	180001, 180002, 180003, 180004, 180005												
			180001	operations_with_objects	11~19-1~9=?	regroupingfalse	horizontal			10~18				
			180002	operations_with_objects	11~20-10=?	regroupingfalse	horizontal			1~10				
			180003	operations_drag	11~19-1~9=?	regroupingfalse	horizontal			10~18				
			180004	operations_drag	11~20-10=?	regroupingfalse	horizontal			1~10				
			180005	operations_drag	11~19-11~19=?	regroupingfalse	horizontal			1~8				
SpecialTest_19	1	190001, 190002, 190003, 190003, 190004~190005												
			190001	operations_with_objects	11~18-1~9=?	regroupingtrue	horizontal			2~9				
			190002	operations_with_objects	20-1~9=?		horizontal			11~19				
			190003	operations_drag	11~18-1~9=?	regroupingtrue	horizontal			2~9				
			190004	operations_drag	20-11~19=?		horizontal			1~9				
			190005	operations_drag	20-1~9=?		horizontal			11~19				
SpecialTest_20	1	200001, 200002, 200003, 200004, 200005												
			200001	operations_drag	10,20,30,40,50,60,70,80,90-10,20,30,40,50,60,70,80,90=?	regroupingfalse	horizontal			10~80				
			200002	operations_drag	21~99-10,20,30,40,50,60,70,80,90=?	regroupingfalse	horizontal			9~89				
			200003	operations_drag	21~50-11~49=?	regroupingfalse	vertical			1~39				
			200004	operations_drag	51~99-21~50=?	regroupingfalse	vertical			1~78				
			200005	operations_drag	51~99-51~99=?	regroupingfalse	vertical			1~48				
SpecialTest_21	1	210001, 210002, 210003, 210003, 210004												
			210001	operations_drag	21~50-1~9=?	regroupingtrue	vertical			12~49				
			210002	operations_drag	21~50-11~19=?	regroupingtrue	vertical			1~39				
			210003	operations_drag	21~50-21~50=?	regroupingtrue	vertical			1~29				
			210004	operations_drag	20, 30, 40, 50-11~49=?	regroupingtrue	vertical			1~39				
SpecialTest_22	1	220001~220010, 220001~220010, 220001~220010, 220001~220010, 220001~220010												
			220001	word_problem	Kavita ada 9 utas gelang. 2 utas gelang hilang. Kavita masih ada berapa utas gelang?	en_uk_b1_05.m4a				7				
			220002	word_problem	Aini membeli 8 buku roti. Dia memberikan 3 buku roti kepada sepupunya. Aini masih ada berapa buku roti?	en_uk_b1_04.m4a				5				
			220003	word_problem	9 layang-layang terbang di langit. 3 layang-layang jatuh ke tanah. Berapakah bilangan layang-layang yang masih terbang di langit?	en_uk_b1_10.m4a				6				
			220004	word_problem	Di kolam ada 15 ekor itik. 7 ekor itik terbang pergi. Berapa ekor itik di kolam sekarang?	en_uk_b2_04.m4a				8				
			220005	word_problem	Lina ada 12 buah buku. Lina mendermakan 8 buah buku kepada perpustakaan kelasnya. Lina ada berapa buah buku sekarang?	en_uk_b2_08.m4a				4				
			220006	word_problem	12 ekor kucing duduk di atas pagar. Seekor kucing melompat turun. Berapa ekor kucing yang masih ada di atas pagar?	en_uk_b1_09.m4a				11				
			220007	word_problem	Lina ada 8 batang pensel. 7 batang pensel Lina hilang. Lina masih ada berapa batang pensel?	en_uk_b1_07.m4a				1				
			220008	word_problem	Siti ada 7 keping biskut. Dia makan 2 keping biskut. Siti masih ada berapa keping biskut?	en_uk_b1_02.m4a				5				
			220009	word_problem	Buku Hao ada 17 halaman. Hao sudah membaca 9 halaman. Berapa halaman yang belum dibaca oleh Hao?	en_uk_b2_01.m4a				8				
			220010	word_problem	Di dalam bas sekolah ada 10 orang murid. 3 orang murid turun dari bas. Berapa orang murid di dalam bas sekarang?	en_uk_b2_03.m4a				7				
SpecialTest_23	1	230001~230010, 230001~230010, 230001~230010, 230001~230010, 230001~230010												
			230001	word_problem	Mei berumur 9 tahun. Lina berumur 6 tahun. Berapakah beza umur Mei dan Lina?	en_uk_d1_01.m4a				3				
			230002	word_problem	Ali makan 7 keping biskut. Amir makan 2 keping biskut. Ali makan berapa keping biskut lebih daripada Amir?	en_uk_d1_05.m4a				5				
			230003	word_problem	Hao berjalan 4 kilometer ke sekolah. Ming berjalan 2 kilometer ke sekolah. Hao berjalan berapa kilometer lebih jauh daripada Ming?	en_uk_d1_09.m4a				2				
			230004	word_problem	Di dalam kelas ada 13 orang murid perempuan dan 18 orang murid lelaki. Murid lelaki lebih berapa orang daripada murid perempuan?	en_uk_d2_05.m4a				5				
			230005	word_problem	Aini ada 13 kuntum bunga. Mei ada 8 kuntum bunga. Aini ada berapa kuntum bunga lebih daripada Mei?	en_uk_d2_01.m4a				5				
			230006	word_problem	Ravi ada 7 biji belon. Ali ada 5 biji belon. Ravi ada berapa biji belon lebih daripada Ali?	en_uk_d1_02.m4a				2				
			230007	word_problem	Mei membaca 3 buah buku. Siti membaca 5 buah buku. Siti membaca berapa buah buku lebih daripada Mei?	en_uk_d1_08.m4a				2				
			230008	word_problem	Siti menjumpai 20 biji kerang di pantai. Amir menjumpai 6 biji kerang. Siti menjumpai berapa biji kerang lebih daripada Amir?	en_uk_d2_03.m4a				14				
			230009	word_problem	Ali membeli 12 pokok bunga. Kakak Ali membeli 7 pokok bunga. Ali membeli berapa pokok bunga lebih daripada kakaknya?	en_uk_d2_04.m4a				5				
			230010	word_problem	Ali menanam 5 pohon pokok di taman sekolah. Aini menanam 8 pohon pokok. Aini menanam berapa pohon pokok lebih daripada Ali?	en_uk_d1_06.m4a				3				
SpecialTest_24	1	240001~240010, 240001~240010, 240001~240010, 240001~240010, 240001~240010												
			240001	word_problem	Ali ada 10 biji epal. Ali makan beberapa biji epal. Sekarang tinggal 4 biji epal. Ali makan berapa biji epal?	en_uk_e2_01.m4a				6				
			240002	word_problem	Semalam, di kedai itu ada 7 beg beras. Hari ini, hanya 2 beg beras yang tinggal. Berapakah bilangan beg beras yang telah dijual?	en_uk_e2_02.m4a				5				
			240003	word_problem	Di langit ada 9 layang-layang. Beberapa layang-layang tersangkut pada pokok. 6 layang-layang masih terbang. Berapa layang-layang yang tersangkut pada pokok?	en_uk_e2_07.m4a				3				
			240004	word_problem	Amir ada beberapa biji belon. 6 biji belon meletup. Sekarang tinggal 2 biji belon. Amir ada berapa biji belon pada mulanya?	en_uk_e2_03.m4a				8				
			240005	word_problem	Di dalam bakul ada beberapa biji mangga. 4 biji mangga diambil keluar. Sekarang tinggal 6 biji mangga sahaja. Berapa biji mangga ada pada mulanya?	en_uk_e2_10.m4a				10				
			240006	word_problem	8 ekor burung berehat di dahan pokok. Beberapa ekor burung terbang pergi. Sekarang tinggal 3 ekor burung di atas dahan. Berapa ekor burung yang terbang pergi?	en_uk_e2_04.m4a				5				
			240007	word_problem	Lina membawa 10 balang jem buatan sendiri ke pasar. Lina menjual beberapa balang jem. Selepas itu, hanya 3 balang jem tinggal. Lina telah menjual berapa balang jem?	en_uk_e2_05.m4a				7				
			240008	word_problem	Kucing Amir beranak. Amir memberikan 6 ekor anak kucing kepada kawan-kawannya. Sekarang, Amir hanya ada 2 ekor anak kucing. Berapa ekor anak kucing pada mulanya?	en_uk_e2_06.m4a				8				
			240009	word_problem	Mei membuat 6 sandwic untuk keluarganya. Keluarganya makan beberapa sandwic. Sekarang hanya 2 sandwic tinggal. Berapakah bilangan sandwic yang dimakan oleh keluarganya?	en_uk_e2_09.m4a				4				
			240010	word_problem	7 orang budak lelaki sedang menunggang basikal. Beberapa orang budak lelaki balik ke rumah. 5 orang budak lelaki terus menunggang basikal. Berapa orang budak lelaki yang balik ke rumah?	en_uk_e2_08.m4a				2				
SpecialTest_25	1	250001, 250002, 250003, 250004, 250005												
			250001	operations_without_objects	2~3x2~9=?		horizontal			4~27				
			250002	operations_without_objects	4~5x2~9=?		horizontal			8~45				
			250003	operations_without_objects	6~7x2~9=?		horizontal			12~63				
			250004	operations_without_objects	8~9x2~9=?		horizontal			16~81				
			250005	operations_without_objects	2~9x2~9=?		horizontal			4~81				
SpecialTest_26	1	260001~260010, 260001~260010, 260001~260010, 260001~260010, 260001~260010												
			260001	word_problem	Mei ada 18 keping biskut. Mei meletakkan biskut itu sama banyak di atas 2 pinggan. Setiap pinggan ada berapa keping biskut?	en_uk_f2_05.m4a				9				
			260002	word_problem	Petani ada 16 biji telur. Petani meletakkan telur itu sama banyak ke dalam 2 kotak. Setiap kotak ada berapa biji telur?	en_uk_f2_03.m4a				8				
			260003	word_problem	Siti memetik 6 kuntum bunga. Siti meletakkan bunga itu sama banyak ke dalam 2 pasu. Setiap pasu ada berapa kuntum bunga?	en_uk_f2_04.m4a				3				
			260004	word_problem	Devi memetik 6 biji mangga. Devi menyimpan mangga itu sama banyak ke dalam 3 kotak. Setiap kotak ada berapa biji mangga?	en_uk_f2_07.m4a				2				
			260005	word_problem	20 orang murid dibahagikan sama banyak kepada 4 kumpulan. Setiap kumpulan ada berapa orang murid?	en_uk_f2_09.m4a				5				
			260006	word_problem	Ibu ada 8 biji gula-gula. Ibu memberi gula-gula itu sama banyak kepada 2 orang anaknya. Setiap anak mendapat berapa biji gula-gula?	en_uk_f2_01.m4a				4				
			260007	word_problem	Ali dan kakaknya berkongsi 10 beg kerepek sama banyak. Ali mendapat berapa beg kerepek?	en_uk_f2_02.m4a				5				
			260008	word_problem	3 orang rakan berkongsi 12 biji gula-gula sama banyak. Setiap rakan mendapat berapa biji gula-gula?	en_uk_f2_06.m4a				4				
			260009	word_problem	Cikgu Ali ada 18 buah buku. Cikgu Ali menyusun buku itu sama banyak di atas 3 rak. Setiap rak ada berapa buah buku?	en_uk_f2_08.m4a				6				
			260010	word_problem	Kumar membeli 12 ekor ikan. Kumar memasukkan ikan itu sama banyak ke dalam 4 tangki. Setiap tangki ada berapa ekor ikan?	en_uk_f2_10.m4a				3				
SpecialTest_27	1	270001~270010, 270001~270010, 270001~270010, 270001~270010, 270001~270010												
			270001	word_problem	Amir ada 3 pasang stoking. Setiap pasang ada 2 helai stoking. Amir ada berapa helai stoking semuanya?	en_uk_f1_01.m4a				6				
			270002	word_problem	Aini membeli 2 kotak mangga. Setiap kotak ada 4 biji mangga. Aini membeli berapa biji mangga semuanya?	en_uk_f1_03.m4a				8				
			270003	word_problem	Di padang ada 3 ekor biri-biri. Setiap biri-biri ada 4 ekor anak. Berapa ekor anak biri-biri semuanya?	en_uk_f1_05.m4a				12				
			270004	word_problem	Aini ada 3 kuntum bunga. Setiap bunga ada 5 kelopak. Bunga itu ada berapa kelopak semuanya?	en_uk_f1_08.m4a				15				
			270005	word_problem	Di laut ada 2 bot. Setiap bot ada 8 orang nelayan. Berapa orang nelayan di dalam kedua-dua bot itu?	en_uk_f1_04.m4a				16				
			270006	word_problem	Seekor lebah ada 6 kaki. 2 ekor lebah ada berapa kaki semuanya?	en_uk_f1_02.m4a				12				
			270007	word_problem	Seekor itik ada 2 kaki. 3 ekor itik ada berapa kaki semuanya?	en_uk_f1_06.m4a				6				
			270008	word_problem	Kavita membeli 4 kotak donat. Setiap kotak ada 5 biji donat. Kavita membeli berapa biji donat semuanya?	en_uk_f1_07.m4a				20				
			270009	word_problem	Siti mengambil 7 minit untuk berlari satu pusingan. Siti mengambil berapa minit untuk berlari 4 pusingan?	en_uk_f1_09.m4a				28				
			270010	word_problem	Ali, Ravi dan Amir masing-masing makan 2 keping piza. Mereka makan berapa keping piza semuanya?	en_uk_f1_10.m4a				6				
SpecialTest_28	1	280001~280004, 280005~280008, 280009, 280010, 280011												
			280001	shapes	which	Yang manakah bulat?	which_is_a_circle			circle	circle,square,triangle,rectangle			
			280002	shapes	which	Yang manakah segi empat sama?	which_is_a_square			square	circle,square,triangle,rectangle			
			280003	shapes	which	Yang manakah segi tiga?	which_is_a_triangle			triangle	circle,square,triangle,rectangle			
			280004	shapes	which	Yang manakah segi empat tepat?	which_is_a_rectangle			rectangle	circle,square,triangle,rectangle			
			280005	shapes	which	Which is a pentagon?	Which_is_a_pentagon			pentagon	pentagon,hexagon,parallelogram,trapezoid			
			280006	shapes	which	Which is a hexagon?	Which_is_a_hexagon			hexagon	pentagon,hexagon,parallelogram,trapezoid			
			280007	shapes	which	Which is a parallelogram?	Which_is_a_parallelogram			parallelogram	pentagon,hexagon,parallelogram,trapezoid
			280008	shapes	which	Which is a trapezoid?	Which_is_a_trapezoid			trapezoid	pentagon,hexagon,parallelogram,trapezoid
			280009	shapes	what	Apakah bentuk ini?	What_is_this_shape			pentagon,hexagon,parallelogram,trapezoid	pentagon,hexagon,parallelogram,trapezoid			
			280010	shapes	what	Apakah bentuk ini?	What_is_this_shape			circle,square,triangle,rectangle	circle,square,triangle,rectangle			
			280011	shapes	what	Apakah bentuk ini?	What_is_this_shape			cylinder,cube,sphere,cone	cylinder,cube,sphere,cone			
FishTest_1_1	1	111, 111, 112, 112, 111												
			111	single_digit_numbers	howmany.m4a					1~4				
			112	recognize_number						1~4				
FishTest_1_2	1	121, 121, 122, 122, 121												
			121	recognize_number						1~4				
			122	single_digit_numbers	howmany.m4a					4~7				
FishTest_1_3	1	131, 131, 132, 132, 131												
			131	single_digit_numbers	howmany.m4a					3~6				
			132	recognize_number						3~7				
FishTest_2_1	1	211, 211, 212, 212, 211												
			211	single_digit_numbers	howmany.m4a					4~7				
			212	recognize_number						3~7				
FishTest_2_2	1	221, 221, 222, 222, 221												
			221	single_digit_numbers	howmany.m4a					6~9				
			222	recognize_number						5~9				
FishTest_2_3	1	231, 232, 233, 233, 234												
			231	recognize_number						5~9				
			232	number_identification						10				
			233	single_digit_numbers	howmany.m4a					6~9				
			234	2digit_numbers	howmany.m4a					10	5~10			
FishTest_3_1	1	311, 311, 312, 312, 311												
			311	recognize_number						6~9				
			312	2digit_numbers	howmany.m4a					11~15				
FishTest_3_2	1	321, 321, 322, 322, 321												
			321	recognize_number						11~15				
			322	2digit_numbers	howmany.m4a					16~20				
FishTest_3_3	1	331, 332, 332, 333, 333												
			331	recognize_number						16~20				
			332	bigger_and_smaller	bigger	image	lineup	Kumpulan manakah yang lebih besar?	which_group_is_bigger.m4a	1~10				
			333	bigger_and_smaller	smaller	number		Yang mana lebih kecil?	which_is_smaller.m4a	1~10				
FishTest_4_1	1	411, 412, 413, 414, 415												
			411	2digit_numbers	howmany.m4a					10~20				
			412	2digit_numbers	howmany.m4a					17~20				
			413	recognize_number						1~20				
			414	number_identification						11~19				
			415	missing_number_drag	1	4	ascending			1~5				
FishTest_4_2	1	421, 422, 423, 424, 425												
			421	operations_with_objects	1~4+1~4=?					2~5				
			422	operations_with_objects	1~4+1~4=?					2~5				
			423	operations_with_objects	1~4+1~4=?					2~5				
			424	operations_with_objects	2~5-1~4=?					1~4				
			425	missing_number_drag	1	4	descending			1~5				
FishTest_4_3	1	431, 432, 433, 434, 435												
			431	bigger_and_smaller	bigger	number		Yang mana lebih besar?	which_is_bigger.m4a	1~10				
			432	bigger_and_smaller	smaller	number		Yang mana lebih kecil?	which_is_smaller.m4a	1~10				
			433	biggest_and_smallest	biggest	Yang mana paling besar?	which_is_the_biggest.m4a			1~10				
			434	biggest_and_smallest	smallest	Yang mana paling kecil?	which_is_the_smallest.m4a			1~10				
			435	compare_number_magnitudes	ascending	Susun nombor dari terkecil hingga terbesar.	order_the_numbers_from_smallest_to_largest.m4a			1~10				
FishTest_5_1	1	511, 512, 513, 514, 515												
			511	recognize_number						21~50				
			512	number_identification						51~99				
			513	compare_number_magnitudes	ascending	Susun nombor dari terkecil hingga terbesar.	order_the_numbers_from_smallest_to_largest.m4a			1~20				
			514	missing_number_drag	1	4	ascending			1~10				
			515	bigger_and_smaller	bigger	number		Yang mana lebih besar?	which_is_bigger.m4a	20~50				
FishTest_5_2	1	521, 522, 523, 524, 525												
			521	2digit_numbers	howmany.m4a					51~100				
			522	compare_number_magnitudes	ascending	Susun nombor dari terkecil hingga terbesar.	order_the_numbers_from_smallest_to_largest.m4a			1~20				
			523	operations_with_objects	2~10-1~4=?					1~9				
			524	operations_with_objects	2~10-5~9=?					1~9				
			525	operations_drag	1~5+1~5=?		vertical			1~9				
FishTest_5_3	1	531, 532, 533, 534, 535												
			531	operations_with_objects	10~19+1~9=?	regroupingfalse				1~20				
			532	operations_with_objects	1~9+10~19=?	regroupingfalse				1~20				
			533	operations_drag	1~9+1~9=?		vertical			1~10				
			534	operations_drag	1~10-1~9=?		vertical			1~9				
			535	missing_number_drag	2	4	ascending			1~20	2			
FishTest_6_1	1	611, 612, 613, 614, 615												
			611	operations_drag	10+1~9=?		vertical			11~19				
			612	operations_drag	11~20+1~10=?		vertical			11~19				
			613	missing_number_drag	10	4	descending			1~50	10			
			614	operations_with_objects	1~9+1~9=?	regroupingtrue				1~20				
			615	use_magnitude_symbols	11~50	11~50	Isi tempat kosong.	fill_in_the_blank.m4a						
FishTest_6_2	1	621, 622, 623, 624, 625												
			621	operations_with_objects	1~9+1~9=?					10				
			622	operations_with_objects	1~9+1~9=?	regroupingtrue				11~20				
			623	operations_drag	11~20-1~10=?		vertical			10~20				
			624	operations_drag	11~19-1~9=?	regroupingfalse	vertical			10~18				
			625	compare_number_magnitudes	ascending	Susun nombor dari terkecil hingga terbesar.	order_the_numbers_from_smallest_to_largest.m4a			1~50				
FishTest_7_1	1	711, 712, 713, 714, 715												
			711	missing_number_drag	1	3	ascending			51~100				
			712	missing_number_drag	10	4	ascending			51~100	10			
			713	number_identification						51~100				
			714	operations_with_objects	11~19+1~9=?	regroupingtrue				20				
			715	operations_drag	1~9+1~9=?	regroupingtrue	vertical			10~19				
FishTest_7_2	1	721~722, 723, 724, 725, 726												
			721	biggest_and_smallest	biggest	Yang mana paling besar?	which_is_the_biggest.m4a			51~100				
			722	biggest_and_smallest	smallest	Yang mana paling kecil?	which_is_the_smallest.m4a			51~100				
			723	use_magnitude_symbols	51~100	51~100	Isi tempat kosong.	fill_in_the_blank.m4a						
			724	operations_drag	11~20-10=?		horizontal			1~10				
			725	operations_drag	1~9+1~9=?	regroupingtrue	vertical			11~20				
			726	compare_number_magnitudes	ascending	Susun nombor dari terkecil hingga terbesar.	order_the_numbers_from_smallest_to_largest.m4a			51~99				
FishTest_7_3	1	731, 732, 733, 734~735, 736												
			731	missing_number_drag	10	3	descending			51~100	10			
			732	operations_with_objects	11~19-1~9=?	regroupingtrue				1~10				
			733	operations_drag	11~20-1~9=?	regroupingtrue	vertical			1~19				
			734	operations_drag	20-1~9=?	regroupingtrue	vertical			11~19				
			735	operations_drag	20-11~19=?	regroupingtrue	vertical			1~9				
			736	compare_number_magnitudes	descending	Susun nombor dari terbesar hingga terkecil.	order_the_numbers_from_largest_to_smallest.m4a			71~99				
FishTest_8_1	1	811, 812~813, 814, 815, 816												
			811	missing_number_drag	3	4	ascending			1~20	3			
			812	operations_with_objects	11~19-1~9=?	regroupingtrue				1~9				
			813	operations_drag	11~19-1~9=?	regroupingtrue	vertical			1~9				
			814	operations_with_objects	20-1~9=?	regroupingtrue				11~19				
			815	compare_number_magnitudes	ascending	Susun nombor dari terkecil hingga terbesar.	order_the_numbers_from_smallest_to_largest.m4a			51~99				
			816	word_problem	Di dalam bakul ada 7 biji epal merah dan 2 biji epal hijau. Berapakah jumlah epal di dalam bakul?	en_uk_a1_08.m4a				9				
FishTest_8_2	1	821, 822, 823, 824, 825												
			821	missing_number_drag	2	4	descending			1~10	2			
			822	operations_drag	11~19+11~19=?	regroupingfalse	horizontal			20~30				
			823	operations_drag	20-1~10=?		horizontal			1~10				
			824	compare_number_magnitudes	descending	Susun nombor dari terbesar hingga terkecil.	order_the_numbers_from_largest_to_smallest.m4a			51~99				
			825	word_problem	Ravi ada 2 biji guli. Aini ada 3 biji guli lebih daripada Ravi. Aini ada berapa biji guli?	en_uk_d3_02.m4a				5				
FishTest_8_3	1	831, 832, 833, 834, 835												
			831	compare_number_magnitudes	ascending	Susun nombor dari terkecil hingga terbesar.	order_the_numbers_from_smallest_to_largest.m4a			71~99				
			832	missing_number_drag	2	3	descending			11~30	2			
			833	operations_with_objects	11~19+11~19=?	regroupingtrue				20~40				
			834	operations_drag	21~50-10~20=?	regroupingfalse	vertical			1~40				
			835	word_problem	Ali ada 5 biji epal. Dia makan 2 biji epal. Ali masih ada berapa biji epal?	en_uk_b1_01.m4a				3				
FishTest_9_1	1	911, 912, 913, 914, 915												
			911	use_magnitude_symbols	100, 200, 300, 400, 500, 600, 700, 800, 900	100, 200, 300, 400, 500, 600, 700, 800, 900	Isi tempat kosong.	fill_in_the_blank.m4a						
			912	missing_number_drag	2	4	descending			50~100	2			
			913	operations_drag	11~50+11~50=?	regroupingfalse	vertical			20~50				
			914	operations_drag	11~50-11~50=?	regroupingfalse	vertical			20~50				
			915	word_problem	Di dalam tangki ada 14 ekor ikan. Kavita masukkan 3 ekor ikan lagi ke dalam tangki. Berapakah jumlah ikan di dalam tangki sekarang?	en_uk_a1_04.m4a				17				
FishTest_9_2	1	921, 922, 923, 924, 925												
			921	compare_number_magnitudes	descending	Susun nombor dari terbesar hingga terkecil.	order_the_numbers_from_largest_to_smallest.m4a			51~100				
			922	missing_number_drag	1	4	ascending			100~500				
			923	operations_drag	21~40+11~20=?	regroupingtrue	vertical			30~60				
			924	word_problem	Di meja makan ada 5 biji pinggan. 10 orang dijemput makan. Berapa biji pinggan lagi diperlukan?	en_uk_d3_09.m4a				15				
			925	word_problem	12 ekor kucing duduk di atas pagar. Seekor kucing melompat turun. Berapa ekor kucing yang masih ada di atas pagar?	en_uk_b1_09.m4a				11				
FishTest_9_3	1	931, 932, 933, 934, 935												
			931	missing_number_drag	100	2	ascending			100~900	100			
			932	operations_drag	11~18-1~9=?	regroupingtrue	horizontal			1~9				
			933	operations_drag	21~50-11~30=?	regroupingtrue	vertical			1~40				
			934	word_problem	Mei ada 8 biji oren. Lina ada 4 biji oren. Mereka ada berapa biji oren semuanya?	en_uk_a2_08.m4a				12				
			935	word_problem	Mei berumur 5 tahun. Lina 7 tahun lebih tua daripada Mei. Lina berumur berapa tahun?	en_uk_d4_10.m4a				12				
FishTest_10_1	1	1011~1013, 1014, 1015, 1016, 1017												
			1011	operations_drag	11~99+10, 20, 30, 40, 50, 60, 70, 70, 80=?		horizontal			1~100				
			1012	operations_drag	10, 20, 30, 40, 50, 60, 70, 80+11~99=?		horizontal			1~100				
			1013	operations_drag	11~99-10, 20, 30, 40, 50, 60, 70, 80, 90=?		horizontal			1~100				
			1014	operations_without_objects	2, 3, 4, 5x1~9=?		horizontal			2~45				
			1015	missing_number_drag	10	3	ascending			500~990	10			
			1016	word_problem	Mei ada 9 belon. 6 belon berwarna hijau dan selebihnya berwarna biru. Berapa biji belon berwarna biru?	en_uk_c1_04.m4a				3				
			1017	shapes	what	Apakah bentuk ini?	What_is_this_shape			circle,square,triangle,rectangle	circle,square,triangle,rectangle			
FishTest_10_2	1	1021~1022, 1023, 1024, 1025, 1026												
			1021	missing_number_drag	1	4	descending			100~999				
			1022	missing_number_drag	5	3	ascending			100~999	5			
			1023	operations_drag	31~50+20~50=?	regroupingfalse	vertical			1~100				
			1024	operations_drag	31~50-11~20=?	regroupingfalse	vertical			1~50				
			1025	operations_without_objects	6, 7, 8, 9x1~9=?		horizontal			6~81				
			1026	word_problem	Seorang petani ada 7 pokok betik. Petani itu menanam beberapa pokok betik lagi. Sekarang, petani itu ada 10 pokok betik di kebunnya. Berapakah bilangan pokok betik yang baru ditanam oleh petani itu?	en_uk_e1_04.m4a				3														
FishTest_10_3	1	1031, 1032, 1033, 1034,1035												
			1031	operations_drag	11~30+20~70=?	regroupingtrue	vertical			1~100				
			1032	operations_drag	20~70-11~30=?	regroupingtrue	vertical			1~100				
			1033	missing_number_drag	10	4	descending			100~999	10			
			1034	word_problem	Pasukan tenis ada 12 orang pemain. 6 orang pemain ialah perempuan. Selebihnya ialah lelaki. Berapa orang pemain lelaki?	en_uk_c2_09.m4a				6				
			1035	shapes	what	Apakah bentuk ini?	What_is_this_shape			pentagon,hexagon,parallelogram,trapezoid	pentagon,hexagon,parallelogram,trapezoid