title,Huruf G,g.m4a,book_en_g.jpg,square,audio,
page,1,gigi.png,wordwrap,
paragraph
sentence,gigi.m4a,0,
word,0,1.152,gigi,gigi.m4a,
page,2,gula.png,wordwrap,
paragraph
sentence,gula.m4a,0,
word,0,1.104,gula,gula.m4a,
page,3,gajah.png,wordwrap,
paragraph
sentence,gajah.m4a,0,
word,0,0.984,gajah,gajah.m4a,
page,4,garam.png,wordwrap,
paragraph
sentence,garam.m4a,0,
word,0,1.128,garam,garam.m4a,
page,5,gelas.png,wordwrap,
paragraph
sentence,gelas.m4a,0,
word,0,1.080,gelas,gelas.m4a,
page,6,gunung.png,wordwrap,
paragraph
sentence,gunung.m4a,0,
word,0,1.104,gunung,gunung.m4a,
