title,Huruf A,a.m4a,book_en_a.jpg,square,audio,
page,1,api.png,wordwrap,
paragraph
sentence,api.m4a,0,
word,0,1.008,api,api.m4a,
page,2,ayam.png,wordwrap,
paragraph
sentence,ayam.m4a,0,
word,0,1.032,ayam,ayam.m4a,
page,3,ais.png,wordwrap,
paragraph
sentence,ais.m4a,0,
word,0,0.720,ais,ais.m4a,
page,4,air.png,wordwrap,
paragraph
sentence,air.m4a,0,
word,0,0.936,air,air.m4a,
page,5,anak.png,wordwrap,
paragraph
sentence,anak.m4a,0,
word,0,0.768,anak,anak.m4a,
page,6,awan.png,wordwrap,
paragraph
sentence,awan.m4a,0,
word,0,1.080,awan,awan.m4a,
