title,Huruf T,t.m4a,book_en_t.jpg,square,audio,
page,1,tali.png,wordwrap,
paragraph
sentence,tali.m4a,0,
word,0,1.008,tali,tali.m4a,
page,2,topi.png,wordwrap,
paragraph
sentence,topi.m4a,0,
word,0,1.032,topi,topi.m4a,
page,3,tangan.png,wordwrap,
paragraph
sentence,tangan.m4a,0,
word,0,1.056,tangan,tangan.m4a,
page,4,telur.png,wordwrap,
paragraph
sentence,telur.m4a,0,
word,0,1.008,telur,telur.m4a,
page,5,teksi.png,wordwrap,
paragraph
sentence,teksi.m4a,0,
word,0,1.080,teksi,teksi.m4a,
page,6,tikus.png,wordwrap,
paragraph
sentence,tikus.m4a,0,
word,0,1.032,tikus,tikus.m4a,
