title,Huruf N,n.m4a,book_en_n.jpg,square,audio,
page,1,nenek.png,wordwrap,
paragraph
sentence,nenek.m4a,0,
word,0,0.816,nenek,nenek.m4a,
page,2,naga.png,wordwrap,
paragraph
sentence,naga.m4a,0,
word,0,1.080,naga,naga.m4a,
page,3,nombor.png,wordwrap,
paragraph
sentence,nombor.m4a,0,
word,0,1.032,nombor,nombor.m4a,
page,4,nanas.png,wordwrap,
paragraph
sentence,nanas.m4a,0,
word,0,1.008,nanas,nanas.m4a,
page,5,nadi.png,wordwrap,
paragraph
sentence,nadi.m4a,0,
word,0,1.056,nadi,nadi.m4a,
page,6,nyamuk.png,wordwrap,
paragraph
sentence,nyamuk.m4a,0,
word,0,0.888,nyamuk,nyamuk.m4a,
