#데이터시트 카테고리------------------  #question type: 문형의 종류  #script: LC의 경우에는 오디오파일, RC의 경우에는 읽어야 할 지문을 의미함 #question: 질문에 해당하는 부분으로 문장이나 이미지, 빈칸이 들어 갈 수 있음  #audio: question의 오디오 파일 #answer type: 제시되는 보기의 종류로 text 또는 image  #answer count: 보기의 개수로 3개 또는 4개가 가능하다  #option1,2,3,4: 보기를 의미하고 랜덤으로 출력된다  #answer: 보기 중 답에 해당하는 보기를 써넣음. 이곳과 일치하는 보기를 정답 처리  #Question Type 설명------------------  #lcallinone: listening의 all in one 유형으로 좌측에서는 지문을 오디오로, 우측에서는 문제를 보여주는 유형  #rcallinone: reading의 all in one 유형으로 좌측에서는 지문을 텍스트로, 우측에서는 문제를 보여주는 유형  #listeningonly:listning divided 유형에서 지문을 오디오로 출력하기만 하는 부분으로 스토리가 음성으로 제시되고 페이지 버튼을 넘겨서 문제로 넘어가도록 한다.  #readingonly: reading divided 유형에서 읽기만 하는 부분으로 지문이 텍스트로 제시되고 아이들이 글을 스스로 읽은 뒤 페이지 버튼을 넘겨서 문제로 넘어가도록 한다.  #multiplechoices: diviided 유형에서 사용할 수 있는 선다형 문제유형  #fiiintheblank: diviided 유형에서 사용할 수 있는 문제로 문장의 빈칸을 채워넣는 문제유형  #ordering: diviided 유형에서 사용할 수 있는 문제로 주어진 문장의 순서를 배열하는 문제유형													
#LanguageTag	Level	WorkSheet	Problem	QuestionType	Script	Question	Audio	AnswerType	Option1	Option2	Option3	Option4	Answer
ms-MY	1	1	1	title	Cerita 1								
ms-MY	1	1	2	lcallinone	ms_my_lc_1_3_story.m4a	Ali kerja apa?	ms_my_lc_1_3_q1.m4a	text	Doktor	Guru	Petani		Guru
ms-MY	1	1	3	lcallinone	ms_my_lc_1_3_story.m4a	Ali dan isterinya suka buat apa?	ms_my_lc_1_3_q2.m4a	text	Mengajar	Tidur	Makan		Mengajar
ms-MY	1	1	4	title	Cerita 2								
ms-MY	1	1	5	listeningonly	ms_my_lc_1_7_story.m4a								
ms-MY	1	1	6	multiplechoices		Siti suka buah apa?	ms_my_lc_1_7_q1.m4a	text	Epal	Pisang	Mangga		Mangga
ms-MY	1	1	7	fillintheblank		Mangga [manis] dan berair.	ms_my_lc_1_7_q2.m4a	text	masin	pahit			manis
ms-MY	2	1	1	title	Cerita 1								
ms-MY	2	1	2	lcallinone	ms_my_lc_1_1_story.m4a	Ali mahu beli apa?	ms_my_lc_1_1_q1.m4a	text	Basikal	Rumah	Matahari		Basikal
ms-MY	2	1	3	lcallinone	ms_my_lc_1_1_story.m4a	Ali rasa macam mana?	ms_my_lc_1_1_q2.m4a	text	Marah	Gembira	Sedih		Sedih
ms-MY	2	1	4	title	Cerita 2								
ms-MY	2	1	5	listeningonly	ms_my_lc_1_4_story.m4a								
ms-MY	2	1	6	multiplechoices		Kumar kerja apa?	ms_my_lc_1_4_q1.m4a	text	Polis	Guru	Doktor		Polis
ms-MY	2	1	7	fillintheblank		Kumar [membantu] orang kampung.	ms_my_lc_1_4_q2.m4a	text	bermain	melihat			membantu
ms-MY	3	1	1	title	Cerita 1								
ms-MY	3	1	2	lcallinone	ms_my_lc_1_2_story.m4a	Datuk ada pokok apa?	ms_my_lc_1_2_q1.m4a	text	Kelapa	Mangga	Oren		Mangga
ms-MY	3	1	3	fillintheblank	ms_my_lc_1_2_story.m4a	Pokok ada banyak [buah].	ms_my_lc_1_2_q2.m4a	text	sarang	rumput			buah
ms-MY	3	1	4	title	Cerita 2								
ms-MY	3	1	5	listeningonly	ms_my_lc_1_8_story.m4a								
ms-MY	3	1	6	multiplechoices		Buaya hidup di mana?	ms_my_lc_1_8_q1.m4a	text	Hanya di darat	Hanya di air	Di darat dan di air		Di darat dan di air
ms-MY	3	1	7	fillintheblank		Buaya ialah haiwan [buas].	ms_my_lc_1_8_q2.m4a	text	baik	jinak			buas
ms-MY	4	1	1	title	Cerita 1								
ms-MY	4	1	2	lcallinone	ms_my_lc_1_5_story.m4a	Amir suka buat apa?	ms_my_lc_1_5_q1.m4a	text	Menyanyi	Menari	Berlari		Berlari
ms-MY	4	1	3	lcallinone	ms_my_lc_1_5_story.m4a	Amir berlari ke mana?	ms_my_lc_1_5_q2.m4a	text	Pasar	Pantai	Klinik		Pantai
ms-MY	4	1	4	title	Cerita 2								
ms-MY	4	1	5	lcallinone	ms_my_lc_1_6_story.m4a	Devi suka buat apa?	ms_my_lc_1_6_q1.m4a	text	Memasak	Menari	Berlari		Menari
ms-MY	4	1	6	fillintheblank	ms_my_lc_1_6_story.m4a	Devi menari ikut [muzik].	ms_my_lc_1_6_q2.m4a	text	video	buku			muzik
ms-MY	5	1	1	title	Cerita 1								
ms-MY	5	1	2	listeningonly	ms_my_lc_1_9_story.m4a								
ms-MY	5	1	3	fillintheblank		Kucing kecil tetapi [cepat].	ms_my_lc_1_9_q1.m4a	text	perlahan	tinggi			cepat
ms-MY	5	1	4	multiplechoices		Kucing suka kejar apa?	ms_my_lc_1_9_q2.m4a	text	Pokok	Tikus	Arnab		Tikus
ms-MY	5	1	5	title	Cerita 2								
ms-MY	5	1	6	listeningonly	ms_my_lc_1_10_story.m4a								
ms-MY	5	1	7	fillintheblank		Matahari terang dan [panas].	ms_my_lc_1_10_q1.m4a	text	sejuk	gelap			panas
ms-MY	5	1	8	multiplechoices		Matahari bersinar pada waktu bila?	ms_my_lc_1_10_q2.m4a	text	Siang	Malam	Hujan		Siang
ms-MY	6	1	1	title	Cerita 1								
ms-MY	6	1	2	readingonly	Aini suka pergi sekolah. Aini suka belajar. Guru Aini baik.								
ms-MY	6	1	3	fillintheblank		Aini suka [belajar].	ms_my_rc_6_1_p3_q.m4a	text	berlari	berjalan			belajar
ms-MY	6	1	4	multiplechoices		Aini suka buat apa?	ms_my_rc_6_1_p4_q.m4a	text	Pergi ke sekolah	Pergi ke hospital	Pergi ke kedai		Pergi ke sekolah
ms-MY	6	2	1	title	Cerita 2								
ms-MY	6	2	2	readingonly	Ravi suka haiwan. Ravi suka haiwan kecil. Ravi suka haiwan besar. Ravi suka semua haiwan.								
ms-MY	6	2	3	fillintheblank		Ravi suka [semua] jenis haiwan.	ms_my_rc_6_2_p3_q.m4a	text	satu	dua			semua
ms-MY	6	2	4	multiplechoices		Ravi suka apa?	ms_my_rc_6_2_p4_q.m4a	text	Haiwan	Burung	Gunung		Haiwan
ms-MY	7	1	1	title	Cerita 1								
ms-MY	7	1	2	readingonly	Mangga sejenis buah. Mangga warna kuning. Mangga sedap dimakan.								
ms-MY	7	1	3	fillintheblank		Mangga sejenis [buah].	ms_my_rc_7_1_p3_q.m4a	text	haiwan	daging			buah
ms-MY	7	1	4	multiplechoices		Mangga warna apa?	ms_my_rc_7_1_p4_q.m4a	text	Biru	Putih	Kuning		Kuning
ms-MY	7	2	1	title	Cerita 2								
ms-MY	7	2	2	readingonly	Siti tinggal di kampung kecil. Siti ada banyak kawan di kampung. Siti suka main di kampung.								
ms-MY	7	2	3	fillintheblank		Siti tinggal di [kampung] kecil.	ms_my_rc_7_2_p3_q.m4a	text	bandar	rumah			kampung
ms-MY	7	2	4	multiplechoices		Siti suka buat apa di kampung?	ms_my_rc_7_2_p4_q.m4a	text	Bermain	Menyorok	Belajar		Bermain
ms-MY	8	1	1	title	Cerita 1								
ms-MY	8	1	2	readingonly	Buah-buahan sejenis makanan. Buah-buahan ada yang rasa manis, ada yang rasa masam.								
ms-MY	8	1	3	fillintheblank		Buah-buahan sejenis [makanan].	ms_my_rc_8_1_p3_q.m4a	text	haiwan	pokok			makanan
ms-MY	8	1	4	multiplechoices		Buah-buahan rasa apa?	ms_my_rc_8_1_p4_q.m4a	text	Manis sahaja	Manis dan masam	Pahit		Manis dan masam
ms-MY	8	2	1	title	Cerita 2								
ms-MY	8	2	2	readingonly	Kavita suka berlari. Kavita berlari pantas. Kavita berlari jauh. Kavita berlari setiap hari.								
ms-MY	8	2	3	fillintheblank		Kavita suka buat apa?	ms_my_rc_8_2_p3_q.m4a	text	Berlari	Berenang	Tidur		
ms-MY	8	2	4	fillintheblank		Kavita berlari [pantas].	ms_my_rc_8_2_p4_q.m4a	text	perlahan	tinggi			
ms-MY	9	1	1	title	Cerita 1								
ms-MY	9	1	2	readingonly	Tikus itu kecil. Tikus itu warna hitam. Tikus itu suka makan.								
ms-MY	9	1	3	fillintheblank		Tikus itu [kecil].	ms_my_rc_9_1_p3_q.m4a	text	besar	tinggi			kecil
ms-MY	9	1	4	multiplechoices		Tikus suka buat apa?	ms_my_rc_9_1_p4_q.m4a	text	Makan	Menari	Terbang		Makan
ms-MY	9	2	1	title	Cerita 2								
ms-MY	9	2	2	readingonly	Kumar suka muzik. Kumar menyanyi ikut muzik. Kumar menari ikut muzik.								
ms-MY	9	2	3	fillintheblank		Kumar [menyanyi] ikut muzik.	ms_my_rc_9_2_p3_q.m4a	text	bekerja	tidur			menyanyi
ms-MY	9	2	4	multiplechoices		Kumar suka apa?	ms_my_rc_9_2_p4_q.m4a	text	Muzik	Memasak	Melukis		Muzik
ms-MY	10	1	1	title	Cerita 1								
ms-MY	10	1	2	lcallinone	ms_my_lc_2_3_story.m4a	Aini umur berapa?	ms_my_lc_2_3_q1.m4a	text	Satu tahun	Lima tahun	Lapan tahun		Lapan tahun
ms-MY	10	1	3	lcallinone	ms_my_lc_2_3_story.m4a	Aini bantu ayah buat apa?	ms_my_lc_2_3_q3.m4a	text	Potong rumput	Jaga ayam	Cuci baju		Jaga ayam
ms-MY	10	1	4	title	Cerita 2								
ms-MY	10	1	5	listeningonly	ms_my_lc_2_10_story.m4a								
ms-MY	10	1	6	fillintheblank		Pokok ada batang dan banyak [dahan].	ms_my_lc_2_10_q1.m4a	text	rambut	kain			dahan
ms-MY	10	1	7	multiplechoices		Batang dan dahan warna apa?	ms_my_lc_2_10_q2.m4a	text	Biru	Coklat	Merah		Coklat
ms-MY	11	1	1	title	Cerita 1								
ms-MY	11	1	2	listeningonly	ms_my_lc_2_2_story.m4a								
ms-MY	11	1	3	fillintheblank		Siti bantu siapa?	ms_my_lc_2_2_q2.m4a	text	Kawan	Ibu	Kakak		Ibu
ms-MY	11	1	4	multiplechoices		Siti dan ibu masak apa?	ms_my_lc_2_2_q3.m4a	text	Sayur	Daging	Kari		Kari
ms-MY	11	1	5	title	Cerita 2								
ms-MY	11	1	6	listeningonly	ms_my_lc_2_9_story.m4a								
ms-MY	11	1	7	fillintheblank		Pakcik Ali ada seekor [lembu].	ms_my_lc_2_9_q1.m4a	text	ayam	kucing			lembu
ms-MY	11	1	8	fillintheblank		Kulit lembu ada banyak [warna].	ms_my_lc_2_9_q2.m4a	text	daun	rambut			warna
ms-MY	12	1	1	title	Cerita 1								
ms-MY	12	1	2	listeningonly	ms_my_lc_2_7_story.m4a								
ms-MY	12	1	3	multiplechoices		Ming pandai buat apa?	ms_my_lc_2_7_q1.m4a	text	Menulis cerita	Menyanyi	Berenang		Menulis cerita
ms-MY	12	1	4	fillintheblank		Dia tulis cerita gembira dan [sedih].	ms_my_lc_2_7_q3.m4a	text	seram	lucu			sedih
ms-MY	12	1	5	title	Cerita 2								
ms-MY	12	1	6	listeningonly	ms_my_lc_2_11_story.m4a								
ms-MY	12	1	7	fillintheblank		Kavita ada seorang adik [lelaki].	ms_my_lc_2_11_q1.m4a	text	perempuan	besar			lelaki
ms-MY	12	1	8	fillintheblank		Kavita sayang siapa?	ms_my_lc_2_11_q2.m4a	text	Ibunya	Adiknya	Bapanya		Adiknya
ms-MY	13	1	1	title	Cerita 1								
ms-MY	13	1	2	listeningonly	ms_my_lc_2_1_story.m4a								
ms-MY	13	1	3	multiplechoices		Ming mahu melawat siapa?	ms_my_lc_2_1_q1.m4a	text	Abangnya	Kawannya	Ayahnya		Abangnya
ms-MY	13	1	4	multiplechoices		Abang Ming kerja di mana?	ms_my_lc_2_1_q3.m4a	text	Bas	Kampung	Bandar		Bandar
ms-MY	13	1	5	title	Cerita 2								
ms-MY	13	1	6	listeningonly	ms_my_lc_2_8_story.m4a								
ms-MY	13	1	7	fillintheblank		Katak [gembira] apabila hujan turun.	ms_my_lc_2_8_q1.m4a	text	sedih	marah			gembira
ms-MY	13	1	8	fillintheblank		Katak suka buat apa dalam hujan?	ms_my_lc_2_8_q2.m4a	text	Lompat dan main	Tidur	Makan		Lompat dan main
ms-MY	14	1	1	title	Cerita 1								
ms-MY	14	1	2	listeningonly	ms_my_lc_2_6_story.m4a								
ms-MY	14	1	3	multiplechoices		Mei ada haiwan apa?	ms_my_lc_2_6_q1.m4a	text	Burung	Lembu	Kucing		Kucing
ms-MY	14	1	4	fillintheblank		Mei beri kucing makan [setiap hari].	ms_my_lc_2_6_q3.m4a	text	kadangkala	satu kali			setiap hari
ms-MY	14	1	5	title	Cerita 2								
ms-MY	14	1	6	listeningonly	ms_my_lc_2_4_story.m4a								
ms-MY	14	1	7	multiplechoices		Petikan ini tentang apa?	ms_my_lc_2_4_q1.m4a	text	Orang	Tumbuhan	Serangga		Serangga
ms-MY	14	1	8	multiplechoices		Serangga tinggal di mana?	ms_my_lc_2_4_q3.m4a	text	Mana-mana	Laut	Hanya di pokok		Mana-mana
ms-MY	15	1	1	title	Cerita 1								
ms-MY	15	1	2	readingonly	Mei ada ayam. Ayam Mei bertelur. Mei kutip telur ayam setiap pagi.								
ms-MY	15	1	3	multiplechoices		Mei ada haiwan apa?	ms_my_rc_15_1_p3_q.m4a	text	Ayam	Itik	Lembu		Ayam
ms-MY	15	1	4	multiplechoices		Mei kutip apa setiap pagi?	ms_my_rc_15_1_p4_q.m4a	text	Telur	Sayur	Gula-gula		Telur
ms-MY	15	2	1	title	Cerita 2								
ms-MY	15	2	2	readingonly	Pokok ada yang tinggi, ada yang rendah. Pokok ada dahan dan daun.								
ms-MY	15	2	3	fillintheblank		Pokok ada yang tinggi, ada yang [rendah].	ms_my_rc_15_2_p3_q.m4a	text	sejuk	panas			rendah
ms-MY	15	2	4	multiplechoices		Petikan ini tentang apa?	ms_my_rc_15_2_p4_q.m4a	text	Pokok	Haiwan	Manusia		Pokok
ms-MY	16	1	1	title	Cerita 1								
ms-MY	16	1	2	readingonly	Lina suka masak. Lina masak dengan ibu. Mereka masak di dapur.								
ms-MY	16	1	3	fillintheblank		Lina memasak dengan [ibu].	ms_my_rc_16_1_p3_q.m4a	text	ayah	datuk			ibu
ms-MY	16	1	4	multiplechoices		Lina suka buat apa?	ms_my_rc_16_1_p4_q.m4a	text	Memasak	Membersih	Berjalan		Memasak
ms-MY	16	1	5	multiplechoices		Mereka masak di mana?	ms_my_rc_16_1_p5_q.m4a	text	Bilik	Dapur	Ruang tamu		Dapur
ms-MY	16	2	1	title	Cerita 2								
ms-MY	16	2	2	readingonly	Bapa ada lembu. Lembu makan rumput di padang. Saya berjalan dengan lembu. Saya bantu bapa jaga lembu.								
ms-MY	16	2	3	fillintheblank		Saya [jaga] lembu.	ms_my_rc_16_2_p3_q.m4a	text	bantu	mandi			jaga
ms-MY	16	2	4	multiplechoices		Lembu makan apa?	ms_my_rc_16_2_p4_q.m4a	text	Rumput	Sayur	Daging		Rumput
ms-MY	17	1	1	title	Cerita 1								
ms-MY	17	1	2	readingonly	Ming tulis cerita setiap hari. Dia tulis cerita gembira. Dia juga tulis cerita sedih. Dia baca cerita yang ditulis kepada adiknya.								
ms-MY	17	1	3	fillintheblank		Dia menulis cerita [gembira dan sedih].	ms_my_rc_17_1_p3_q.m4a	text	seram	bosan			gembira dan sedih
ms-MY	17	1	4	fillintheblank		Ming tulis cerita setiap [hari].	ms_my_rc_17_1_p4_q.m4a	text	malam	petang			hari
ms-MY	17	1	5	multiplechoices		Ming baca cerita kepada siapa?	ms_my_rc_17_1_p5_q.m4a	text	Adik	Ibu	Bapa		Adik
ms-MY	17	2	1	title	Cerita 2								
ms-MY	17	2	2	readingonly	Aini ada seorang adik lelaki. Adik Aini kecil. Adik Aini suka menangis. Adik Aini suka tidur. Aini sayang adiknya.								
ms-MY	17	2	3	fillintheblank		Aini ada seorang adik [lelaki].	ms_my_rc_17_2_p3_q.m4a	text	perempuan	baik			lelaki
ms-MY	17	2	4	multiplechoices		Aini sayang siapa?	ms_my_rc_17_2_p4_q.m4a	text	Adik	Makcik	Guru		Adik
ms-MY	18	1	1	title	Cerita 1								
ms-MY	18	1	2	readingonly	Kakak Aini seorang doktor. Umur kakak Aini tiga puluh tahun. Kakak Aini kerja di bandar. Aini suka melawat kakaknya di bandar.								
ms-MY	18	1	3	fillintheblank		Kakak Aini seorang [doktor].	ms_my_rc_18_1_p3_q.m4a	text	guru	polis			doktor
ms-MY	18	1	4	fillintheblank		Aini suka [melawat] kakaknya di bandar.	ms_my_rc_18_1_p4_q.m4a	text	menelefon	lihat			melawat
ms-MY	18	1	5	multiplechoices		Kakak Aini kerja di mana?	ms_my_rc_18_1_p5_q.m4a	text	Di bandar	Di ladang	Di laut		Di bandar
ms-MY	18	2	1	title	Cerita 2								
ms-MY	18	2	2	readingonly	Katak suka melompat. Katak melompat di jalan. Katak melompat di pokok. Katak melompat jauh. Katak melompat tinggi.								
ms-MY	18	2	3	fillintheblank		Katak melompat di [jalan].	ms_my_rc_18_2_p3_q.m4a	text	air	rumah			jalan
ms-MY	18	2	4	fillintheblank		Katak melompat jauh dan [tinggi].	ms_my_rc_18_2_p4_q.m4a	text	rendah	perlahan			tinggi
ms-MY	18	2	5	multiplechoices		Katak suka buat apa?	ms_my_rc_18_2_p5_q.m4a	text	Melompat	Berlari	Berjalan		Melompat
ms-MY	19	1	1	title	Cerita 1								
ms-MY	19	1	2	readingonly	Lina ada seekor kucing. Dia beri kucing makan. Dia jaga kucing itu. Dia suka main dengan kucingnya.								
ms-MY	19	1	3	multiplechoices		Lina ada haiwan apa?	ms_my_rc_19_1_p3_q.m4a	text	Burung	Anjing	Kucing		Kucing
ms-MY	19	1	4	multiplechoices		Lina suka buat apa?	ms_my_rc_19_1_p4_q.m4a	text	Bermain dengan kucingnya	Berlari	Memasak		Bermain dengan kucingnya
ms-MY	19	2	1	title	Cerita 2								
ms-MY	19	2	2	readingonly	Di dalam hutan ada banyak haiwan. Ada haiwan kecil dan ada haiwan besar. Ada yang tinggal di pokok dan ada yang tinggal di tanah.								
ms-MY	19	2	3	fillintheblank		Di dalam hutan ada haiwan kecil dan haiwan [besar].	ms_my_rc_19_2_p3_q.m4a	text	biru	rendah			besar
ms-MY	19	2	4	multiplechoices		Haiwan tinggal di mana?	ms_my_rc_19_2_p4_q.m4a	text	Pokok dan tanah	Tanah sahaja	Pokok sahaja		Pokok dan tanah
ms-MY	20	2	1	title	Cerita 2								
ms-MY	20	2	2	readingonly	Devi suka makan ikan. Devi bantu ibu masak ikan. Devi letak kicap. Devi dan keluarga makan ikan untuk makan malam.								
ms-MY	20	2	3	multiplechoices		Devi suka makan apa?	ms_my_rc_20_2_p3_q.m4a	text	Ikan	Nasi	Pisang		Ikan
ms-MY	20	2	4	multiplechoices		Devi makan dengan siapa?	ms_my_rc_20_2_p4_q.m4a	text	Guru	Kawan	Keluarga		Keluarga
ms-MY	21	1	1	title	Cerita 1								
ms-MY	21	1	2	readingonly	Ali dan bapa tinggal di tepi laut. Mereka tangkap ikan. Mereka tangkap ikan dengan jala. Mereka dapat banyak ikan setiap hari. Mereka jual ikan di pasar.								
ms-MY	21	1	3	fillintheblank		Ali dan bapa tinggal di tepi [laut].	ms_my_rc_21_1_p3_q.m4a	text	sungai	hutan			laut
ms-MY	21	1	4	multiplechoices		Ali dan bapa buat apa?	ms_my_rc_21_1_p4_q.m4a	text	Bina rumah	Tangkap ikan	Beli ikan		Tangkap ikan
ms-MY	21	1	5	multiplechoices		Mereka tangkap ikan dengan apa?	ms_my_rc_21_1_p5_q.m4a	text	Jala	Joran	Baldi		Jala
ms-MY	21	2	1	title	Cerita 2								
ms-MY	21	2	2	readingonly	Saya suka arnab. Arnab ada yang kecil seperti mangga. Ada yang besar seperti kelapa. Arnab pandai melompat. Arnab melompat tinggi.								
ms-MY	21	2	3	fillintheblank		Arnab melompat [tinggi].	ms_my_rc_21_2_p3_q.m4a	text	perlahan	rendah			tinggi
ms-MY	21	2	4	multiplechoices		Arnab pandai buat apa?	ms_my_rc_21_2_p4_q.m4a	text	Melompat	Berlari	Terbang		Melompat
ms-MY	21	2	5	multiplechoices		Petikan ini tentang apa?	ms_my_rc_21_2_p5_q.m4a	text	Arnab	Monyet	Ayam		Arnab
ms-MY	22	1	1	title	Cerita 1								
ms-MY	22	1	2	readingonly	Kavita ada keluarga besar. Kavita ada seorang abang dan seorang kakak. Dia ada dua orang adik. Seorang adik perempuan dan seorang adik lelaki. Kavita suka main dengan adik-beradik. Dia rasa seronok.								
ms-MY	22	1	3	fillintheblank		Kavita ada keluarga [besar].	ms_my_rc_22_1_p3_q.m4a	text	kecil	banyak			besar
ms-MY	22	1	4	multiplechoices		Kavita suka buat apa dengan adik-beradik?	ms_my_rc_22_1_p4_q.m4a	text	Bermain	Berlari	Belajar		Bermain
ms-MY	22	1	5	multiplechoices		Kavita ada berapa orang adik?	ms_my_rc_22_1_p5_q.m4a	text	Dua	Seorang	Tiga		Dua
ms-MY	22	2	1	title	Cerita 2								
ms-MY	22	2	2	readingonly	Saya nampak sebatang pokok. Pokok itu ada batang yang kuat. Batang pokok warna coklat. Pokok itu ada dahan. Dahan pokok warna coklat juga. Pokok itu ada banyak daun. Daun warna hijau.								
ms-MY	22	2	3	fillintheblank		Batang pokok [kuat].	ms_my_rc_22_2_p3_q.m4a	text	lemah	pendek			kuat
ms-MY	22	2	4	multiplechoices		Petikan ini tentang apa?	ms_my_rc_22_2_p4_q.m4a	text	Pokok	Tikus	Singa		Pokok
ms-MY	22	2	5	multiplechoices		Daun warna apa?	ms_my_rc_22_2_p5_q.m4a	text	Coklat	Hijau	Biru		Hijau
ms-MY	23	1	1	title	Cerita 1								
ms-MY	23	1	2	readingonly	Devi seorang jururawat. Dia bantu orang sakit. Dia kerja dengan doktor. Devi seorang jururawat yang baik. Devi suka kerjanya.								
ms-MY	23	1	3	multiplechoices		Devi kerja apa?	ms_my_rc_23_1_p3_q.m4a	text	Jururawat	Guru	Polis		Jururawat
ms-MY	23	1	4	multiplechoices		Devi bantu siapa?	ms_my_rc_23_1_p4_q.m4a	text	Orang sakit	Orang sihat	Haiwan		Orang sakit
ms-MY	23	1	5	multiplechoices		Devi kerja dengan siapa?	ms_my_rc_23_1_p5_q.m4a	text	Doktor	Polis	Guru		Doktor
ms-MY	23	2	1	title	Cerita 2								
ms-MY	23	2	2	readingonly	Ming suka tinggal dekat laut. Laut sangat luas dan penuh dengan air. Ming boleh nampak bot di laut. Dia juga boleh nampak ikan. Ming boleh berenang di laut.								
ms-MY	23	2	3	fillintheblank		Ming [suka] laut.	ms_my_rc_23_2_p3_q.m4a	text	rindu	tidak suka			suka
ms-MY	23	2	4	multiplechoices		Ming buat apa di laut?	ms_my_rc_23_2_p4_q.m4a	text	Berenang	Terbang	Berlari		Berenang
ms-MY	23	2	5	multiplechoices		Ming boleh nampak apa di laut?	ms_my_rc_23_2_p5_q.m4a	text	Bot sahaja	Rumput	Bot dan ikan		Bot dan ikan
ms-MY	24	1	1	title	Cerita 1								
ms-MY	24	1	2	readingonly	Saya suka gajah. Gajah sangat besar. Gajah ada belalai yang panjang. Gajah makan banyak. Gajah makan rumput, daun dan tumbuhan lain.								
ms-MY	24	1	3	fillintheblank		Gajah sangat [besar].	ms_my_rc_24_1_p3_q.m4a	text	kecil	comel			besar
ms-MY	24	1	4	multiplechoices		Gajah makan apa?	ms_my_rc_24_1_p4_q.m4a	text	Rumput, daun, dan tumbuhan lain	Daging	Daun sahaja		Rumput, daun, dan tumbuhan lain
ms-MY	24	1	5	fillintheblank		Belalai gajah [panjang].	ms_my_rc_24_1_p5_q.m4a	text	pendek	tajam			panjang
ms-MY	24	2	1	title	Cerita 2								
ms-MY	24	2	2	readingonly	Aini suka melukis. Dia lukis benda yang dia nampak. Dia lukis rumah. Dia lukis matahari. Dia lukis pokok. Dia lukis lembu. Aini boleh melukis sepanjang hari.								
ms-MY	24	2	3	fillintheblank		Aini suka [melukis].	ms_my_rc_24_2_p3_q.m4a	text	menulis	menyanyi			melukis
ms-MY	24	2	4	multiplechoices		Aini lukis apa?	ms_my_rc_24_2_p4_q.m4a	text	Rumah, matahari, pokok, dan lembu	Sungai, laut, dan langit	Padang, jalan, dan kereta		Rumah, matahari, pokok, dan lembu
ms-MY	24	2	5	fillintheblank		Aini boleh melukis [sepanjang hari].	ms_my_rc_24_2_p5_q.m4a	text	kadangkala	sebentar			sepanjang hari
ms-MY	25	1	1	title	Cerita 1								
ms-MY	25	1	2	readingonly	Mei suka tengok bintang. Dia tengok bintang dari rumah. Dia tengok bintang pada waktu malam. Dia tengok bintang di langit. Dia cuba kira semua bintang tetapi bintang terlalu banyak.								
ms-MY	25	1	3	multiplechoices		Mei suka tengok apa?	ms_my_rc_25_1_p3_q.m4a	text	Bintang	Matahari	Awan		Bintang
ms-MY	25	1	4	multiplechoices		Waktu bila Mei tengok bintang?	ms_my_rc_25_1_p4_q.m4a	text	Pagi	Petang	Malam		Malam
ms-MY	25	1	5	fillintheblank		Mei tengok bintang di [langit].	ms_my_rc_25_1_p5_q.m4a	text	laut	hutan	Tiada		langit
ms-MY	25	2	1	title	Cerita 2								
ms-MY	25	2	2	readingonly	Itu sebatang pokok pisang. Buah pisang tumbuh dalam tandan. Kulit pisang ada yang hijau, ada yang kuning dan ada yang perang. Saya suka makan pisang yang berkulit kuning. Pisang itu manis dan sedap.								
ms-MY	25	2	3	fillintheblank		Saya suka makan pisang yang berkulit [kuning].	ms_my_rc_25_2_p3_q.m4a	text	putih	hijau			kuning
ms-MY	25	2	4	fillintheblank		Pisang kuning manis dan [sedap].	ms_my_rc_25_2_p4_q.m4a	text	pahit	pedas			sedap
ms-MY	25	2	5	multiplechoices		Kulit pisang warna apa?	ms_my_rc_25_2_p5_q.m4a	text	Hijau sahaja	Hijau, kuning, dan perang	Biru		Hijau, kuning, dan perang
ms-MY	26	1	1	title	Cerita 1								
ms-MY	26	1	2	readingonly	Ali suka berlari. Dia berlari ke pasar. Dia berlari pantas. Dia tersepak batu dan jatuh. Lutut Ali sakit. Selepas itu, Ali berjalan ke pasar. Dia lebih berhati-hati.								
ms-MY	26	1	3	multiplechoices		Ali berlari ke mana?	ms_my_rc_26_1_p3_q.m4a	text	Pasar	Sekolah	Hospital		Pasar
ms-MY	26	1	4	multiplechoices		Kenapa Ali jatuh?	ms_my_rc_26_1_p4_q.m4a	text	Dia tersepak batu	Cuaca panas	Dia letih		Dia tersepak batu
ms-MY	26	1	5	ordering		Susun urutan	ms_my_rc_26_1_p5_q.m4a	text	Ali berlari ke pasar.	Dia jatuh.	Lututnya sakit.		Urutan betul
ms-MY	26	2	1	title	Cerita 2								
ms-MY	26	2	2	readingonly	Ini cacing dan ini burung. Cacing tinggal di dalam tanah. Burung tinggal di atas pokok. Cacing suka hujan. Burung suka matahari. Cacing dan burung suka bermain bersama.								
ms-MY	26	2	3	fillintheblank		Cacing dan burung suka [bermain] bersama.	ms_my_rc_26_2_p3_q.m4a	text	bergaduh	makan			bermain
ms-MY	26	2	4	multiplechoices		Burung suka apa?	ms_my_rc_26_2_p4_q.m4a	text	Hujan	Matahari	Bulan		Matahari
ms-MY	26	2	5	multiplechoices		Cacing suka apa?	ms_my_rc_26_2_p5_q.m4a	text	Hujan	Matahari	Salji		Hujan
ms-MY	27	1	1	title	Cerita 1								
ms-MY	27	1	2	lcallinone	ms_my_lc_3_3_story.m4a	Ali tinggal di mana?	ms_my_lc_3_3_q1.m4a	text	Gunung	Tepi laut	Jalan raya		Tepi laut
ms-MY	27	1	3	lcallinone	ms_my_lc_3_3_story.m4a	Ali dan ayah buat apa setiap pagi?	ms_my_lc_3_3_q2.m4a	text	Tanam sayur	Buka kedai	Tangkap ikan		Tangkap ikan
ms-MY	27	1	4	lcallinone	ms_my_lc_3_3_story.m4a	Mereka jual ikan di mana?	ms_my_lc_3_3_q3.m4a	text	Sekolah	Pasar	Rumah		Pasar
ms-MY	27	1	5	title	Cerita 2								
ms-MY	27	1	6	listeningonly	ms_my_lc_3_4_story.m4a								
ms-MY	27	1	7	fillintheblank		[Arnab] haiwan kecil.	ms_my_lc_3_4_q1.m4a	text	Kerbau	Gajah			Arnab
ms-MY	27	1	8	fillintheblank		Arnab ada yang besar seperti [kelapa].	ms_my_lc_3_4_q2.m4a	text	kasut	buku			kelapa
ms-MY	27	1	9	multiplechoices		Arnab pandai buat apa?	ms_my_lc_3_4_q3.m4a	text	Terbang	Berenang	Melompat		Melompat
ms-MY	28	1	1	title	Cerita 1								
ms-MY	28	1	2	listeningonly	ms_my_lc_3_7_story.m4a								
ms-MY	28	1	3	multiplechoices		Devi ada berapa orang adik?	ms_my_lc_3_7_q1.m4a	text	Dua orang	Seorang	Tiada		Dua orang
ms-MY	28	1	4	fillintheblank		Devi anak [sulung].	ms_my_lc_3_7_q2.m4a	text	bongsu	tengah			sulung
ms-MY	28	1	5	fillintheblank		Devi suka bermain dengan siapa?	ms_my_lc_3_7_q3.m4a	text	Abangnya	Adik-adiknya	Kakaknya		Adik-adiknya
ms-MY	28	1	6	title	Cerita 2								
ms-MY	28	1	7	listeningonly	ms_my_lc_3_11_story.m4a								
ms-MY	28	1	8	fillintheblank		Pokok ada [batang] yang kuat.	ms_my_lc_3_11_q1.m4a	text	daun	buah			batang
ms-MY	28	1	9	multiplechoices		Batang pokok warna apa?	ms_my_lc_3_11_q2.m4a	text	Coklat	Biru	Oren		Coklat
ms-MY	28	1	10	multiplechoices		Daun warna apa?	ms_my_lc_3_11_q3.m4a	text	Putih	Ungu	Hijau		Hijau
ms-MY	29	1	1	title	Cerita 1								
ms-MY	29	1	2	listeningonly	ms_my_lc_3_1_story.m4a								
ms-MY	29	1	3	fillintheblank		Aini seorang [jururawat].	ms_my_lc_3_1_q1.m4a	text	guru	nelayan			jururawat
ms-MY	29	1	4	multiplechoices		Aini beri apa kepada orang sakit?	ms_my_lc_3_1_q2.m4a	text	Buku	Gula-gula	Ubat		Ubat
ms-MY	29	1	5	fillintheblank		Aini jaga orang [sakit].	ms_my_lc_3_1_q3.m4a	text	muda	tua			sakit
ms-MY	29	1	6	title	Cerita 2								
ms-MY	29	1	7	listeningonly	ms_my_lc_3_2_story.m4a								
ms-MY	29	1	8	multiplechoices		Hao suka apa?	ms_my_lc_3_2_q1.m4a	text	Gunung	Laut	Jalan raya		Laut
ms-MY	29	1	9	multiplechoices		Hao mahu naik apa?	ms_my_lc_3_2_q2.m4a	text	Bot	Kereta	Lori		Bot
ms-MY	29	1	10	fillintheblank		Hao mahu [berlayar] di laut.	ms_my_lc_3_2_q3.m4a	text	berlari	terbang			berlayar
ms-MY	30	1	1	title	Cerita 1								
ms-MY	30	1	2	listeningonly	ms_my_lc_3_5_story.m4a								
ms-MY	30	1	3	multiplechoices		Gajah tinggal di mana?	ms_my_lc_3_5_q1.m4a	text	Hutan	Laut	Langit		Hutan
ms-MY	30	1	4	fillintheblank		Gajah guna apa untuk ambil makanan?	ms_my_lc_3_5_q2.m4a	text	telinga	belalai	tangan		belalai
ms-MY	30	1	5	fillintheblank		Gajah makan rumput, daun dan [tumbuhan].	ms_my_lc_3_5_q3.m4a	text	haiwan	ikan			tumbuhan
ms-MY	30	1	6	title	Cerita 2								
ms-MY	30	1	7	listeningonly	ms_my_lc_3_8_story.m4a								
ms-MY	30	1	8	fillintheblank		Aini suka lukis [bentuk].	ms_my_lc_3_8_q1.m4a	text	kartun	nombor			bentuk
ms-MY	30	1	9	multiplechoices		Rumah bentuk apa?	ms_my_lc_3_8_q2.m4a	text	Segi empat	Bulatan	Segi tiga		Segi empat
ms-MY	30	1	10	multiplechoices		Matahari bentuk apa?	ms_my_lc_3_8_q3.m4a	text	Bulatan	Segi empat	Segi tiga		Bulatan
ms-MY	31	1	1	title	Cerita 1								
ms-MY	31	1	2	listeningonly	ms_my_lc_3_6_story.m4a								
ms-MY	31	1	3	multiplechoices		Mei suka tengok apa?	ms_my_lc_3_6_q1.m4a	text	Bulan	Matahari	Bintang		Bintang
ms-MY	31	1	4	fillintheblank		Mei cuba buat apa?	ms_my_lc_3_6_q2.m4a	text	Lukis bintang	Kira bintang	Baca buku		Kira bintang
ms-MY	31	1	5	multiplechoices		Kenapa Mei tidak dapat kira semua bintang?	ms_my_lc_3_6_q3.m4a	text	Bintang terlalu banyak	Dia tidak pandai kira	Bintang bergerak laju		Bintang terlalu banyak
ms-MY	31	1	6	title	Cerita 2								
ms-MY	31	1	7	listeningonly	ms_my_lc_3_10_story.m4a								
ms-MY	31	1	8	fillintheblank		Buah pisang tumbuh dalam [tandan].	ms_my_lc_3_10_q1.m4a	text	gugus	jambak			tandan
ms-MY	31	1	9	fillintheblank		Pisang masak warna apa?	ms_my_lc_3_10_q2.m4a	text	Biru	Ungu	Kuning		Kuning
ms-MY	31	1	10	fillintheblank		Pisang kuning manis dan [sedap].	ms_my_lc_3_10_q3.m4a	text	pahit	pedas			sedap
ms-MY	32	1	1	title	Cerita 1								
ms-MY	32	1	2	listeningonly	ms_my_lc_3_9_story.m4a								
ms-MY	32	1	3	multiplechoices		Ali berlari ke mana?	ms_my_lc_3_9_q1.m4a	text	Klinik	Sungai	Pasar		Pasar
ms-MY	32	1	4	multiplechoices		Apa berlaku pada Ali?	ms_my_lc_3_9_q2.m4a	text	Dia tersepak batu dan jatuh	Dia terbang	Dia berlari seorang diri		Dia tersepak batu dan jatuh
ms-MY	32	1	5	fillintheblank		[Lutut] Ali sakit.	ms_my_lc_3_9_q3.m4a	text	Siku	Kepala			Lutut
ms-MY	32	1	6	title	Cerita 2								
ms-MY	32	1	7	listeningonly	ms_my_lc_3_12_story.m4a								
ms-MY	32	1	8	fillintheblank		Cacing suka tanah dan [hujan].	ms_my_lc_3_12_q1.m4a	text	matahari	rumput			hujan
ms-MY	32	1	9	fillintheblank		Belalang suka rumput dan [matahari].	ms_my_lc_3_12_q2.m4a	text	tanah	hujan			matahari
ms-MY	32	1	10	multiplechoices		Cacing dan belalang suka buat apa?	ms_my_lc_3_12_q3.m4a	text	Bermain	Menangis	Tidur		Bermain
ms-MY	33	1	1	title	Cerita 1								
ms-MY	33	1	2	readingonly	Kumar ada seorang abang. Nama abang Kumar ialah Ravi. Ravi pergi ke bandar. Dia beli pensel baharu untuk Kumar. Pensel itu cantik. Warna pensel merah, biru dan hijau. Kumar suka menulis dengan pensel itu.								
ms-MY	33	1	3	multiplechoices		Ravi pergi ke mana?	ms_my_rc_33_1_p3_q.m4a	text	Bandar	Kampung	Ladang		Bandar
ms-MY	33	1	4	multiplechoices		Ravi beli apa untuk Kumar?	ms_my_rc_33_1_p4_q.m4a	text	Pensel	Baju	Buku		Pensel
ms-MY	33	1	5	ordering		Susun urutan	ms_my_rc_33_1_p5_q.m4a	text	Ravi pergi ke bandar.	Ravi beli pensel.	Kumar menulis dengan pensel itu.		Urutan betul
ms-MY	33	2	1	title	Cerita 2								
ms-MY	33	2	2	readingonly	Kelapa dan mangga ada banyak persamaan. Isi buah kelapa dan buah mangga rasa manis. Kedua-duanya tumbuh di atas pokok. Kelapa dan mangga juga ada perbezaan. Buah kelapa ada tempurung keras dan ada air di dalam. Buah mangga ada kulit lembut dan ada biji di dalam. Saya suka kedua-duanya tetapi saya lebih suka kelapa.								
ms-MY	33	2	3	fillintheblank		Kelapa dan mangga ada persamaan dan [perbezaan].	ms_my_rc_33_2_p3_q.m4a	text	tugas	contoh			perbezaan
ms-MY	33	2	4	multiplechoices		Petikan ini tentang apa?	ms_my_rc_33_2_p4_q.m4a	text	Kelapa dan mangga	Sayur	Haiwan		Kelapa dan mangga
ms-MY	33	2	5	multiplechoices		Buah kelapa dan buah mangga tumbuh di mana?	ms_my_rc_33_2_p5_q.m4a	text	Atas pokok	Di tanah	Di sungai		Atas pokok
ms-MY	34	1	1	title	Cerita 1								
ms-MY	34	1	2	readingonly	Devi suka berenang. Devi berenang di laut. Devi berenang di sungai. Devi berenang di tasik. Devi tidak suka berlari. Devi boleh berenang lama dan tidak rasa penat. Tetapi, Devi cepat penat bila berlari.								
ms-MY	34	1	3	fillintheblank		Devi tidak suka [berlari].	ms_my_rc_34_1_p3_q.m4a	text	berenang	terbang			berlari
ms-MY	34	1	4	multiplechoices		Devi suka buat apa?	ms_my_rc_34_1_p4_q.m4a	text	Berenang	Berjalan	Terbang		Berenang
ms-MY	34	1	5	multiplechoices		Devi berenang di mana?	ms_my_rc_34_1_p5_q.m4a	text	Laut, sungai dan tasik	Laut sahaja	Kolam		Laut, sungai dan tasik
ms-MY	34	2	1	title	Cerita 2								
ms-MY	34	2	2	readingonly	Ming dan Hao bantu guru bersih kelas. Mereka sapu lantai. Mereka susun kerusi dan meja. Kelas ada banyak habuk. Selepas itu, kelas sangat bersih. Guru puji mereka.								
ms-MY	34	2	3	multiplechoices		Ming dan Hao bantu siapa?	ms_my_rc_34_2_p3_q.m4a	text	Guru	Pakcik	Ibu		Guru
ms-MY	34	2	4	multiplechoices		Kena mereka bersihkan kelas?	ms_my_rc_34_2_p4_q.m4a	text	Kelas banjir	Kelas bersepah	Kelas ada banyak habuk		Kelas ada banyak habuk
ms-MY	34	2	5	ordering		Susun urutan	ms_my_rc_34_2_p5_q.m4a	text	Ming dan Hao sapu lantai	Mereka susun kerusi dan meja.	Kelas bersih.		Urutan betul
ms-MY	35	1	1	title	Cerita 1								
ms-MY	35	1	2	readingonly	Minyak masak di rumah Ravi habis. Bapa Ravi beri duit untuk beli minyak masak. Di kedai, Ravi nampak gula-gula. Dia mahu beli gula-gula tetapi duit tidak cukup. Ravi beli minyak masak. Ibu Ravi perlu minyak masak.								
ms-MY	35	1	3	multiplechoices		Ravi namapk apa di kedai?	ms_my_rc_35_1_p3_q.m4a	text	Roti	Gula-gula	Sayur		Gula-gula
ms-MY	35	1	4	multiplechoices		Ibu Ravi perlu apa?	ms_my_rc_35_1_p4_q.m4a	text	Minyak masak	Gula-gula	Roti		Minyak masak
ms-MY	35	1	5	ordering		Susun urutan	ms_my_rc_35_1_p5_q.m4a	text	Bapa Ravi beri duit.	Ravi pergi ke kedai.	Dia beli minyak masak.		Urutan betul
ms-MY	35	2	1	title	Cerita 2								
ms-MY	35	2	2	readingonly	Burung suka menyanyi. Burung menyanyi setiap hari. Burung menyanyi apabila jumpa cacing. Burung menyanyi di atas dahan. Pada waktu malam burung berhenti menyanyi dan tidur. Pada waktu pagi, burung bangun dan menyanyi lagi.								
ms-MY	35	2	3	multiplechoices		Burung suka buat apa?	ms_my_rc_35_2_p3_q.m4a	text	Menyanyi	Terbang	Menari		Menyanyi
ms-MY	35	2	4	multiplechoices		Burung menyanyi di mana?	ms_my_rc_35_2_p4_q.m4a	text	Tepi sungai	Atas dahan	Padang		Atas dahan
ms-MY	35	2	5	multiplechoices		Waktu bila burung berhenti menyanyi?	ms_my_rc_35_2_p5_q.m4a	text	Pagi	Petang	Malam		Malam
ms-MY	36	1	1	title	Cerita 1								
ms-MY	36	1	2	readingonly	Ali mahu beli basikal. Ali boleh naik basikal ke sekolah. Ali tidak ada duit untuk beli basikal. Ravi kawan baik Ali. Ravi beri basikal kepada Ali. Ali sangat gembira.								
ms-MY	36	1	3	multiplechoices		Ali mahu beli apa?	ms_my_rc_36_1_p3_q.m4a	text	Kereta	Basikal	Kerusi		Basikal
ms-MY	36	1	4	multiplechoices		Siapa beri basikal kepada Ali?	ms_my_rc_36_1_p4_q.m4a	text	Abu	Bapa	Ravi		Ravi
ms-MY	36	1	5	ordering		Susun urutan	ms_my_rc_36_1_p5_q.m4a	text	Ali mahu beli basikal.	Ali tidak ada duit.	Ravi beri basikal kepada Ali.		Urutan betul
ms-MY	36	2	1	title	Cerita 2								
ms-MY	36	2	2	readingonly	Cuaca hari ini panas. Aini bantu ibu jemur baju. Selapas itu, Aini pergi bermain. Tiba-tiba hujan turn dengan lebat. Aini lari balik ke rumah dan bantu ibu angkat baju.								
ms-MY	36	2	3	multiplechoices		Aini bantu ibu buat apa?	ms_my_rc_36_2_p3_q.m4a	text	Cuci baju	Jemur baju	Lipat baju		Jemur baju
ms-MY	36	2	4	multiplechoices		Kenapa Aini lari balik ke rumah?	ms_my_rc_36_2_p4_q.m4a	text	Bantu ibu angkat baju	Tidur	Makan		Bantu ibu angkat baju
ms-MY	36	2	5	ordering		Susun urutan	ms_my_rc_36_2_p5_q.m4a	text	Cuaca panas.	Aini pergi bermain.	Hujan turun.		Urutan betul
ms-MY	37	1	1	title	Cerita 1								
ms-MY	37	1	2	readingonly	Amir mahu melawat neneknya. Dia mahu memakai baju merah baharu. Dia mencari baju itu di bilik tetapi tidak jumpa. Dia nampak adiknya memakai baju itu. Amir senyum. Adiknya nampak kemas dengan baju merah itu.								
ms-MY	37	1	3	fillintheblank		Amir mahu [melawat] neneknya.	ms_my_rc_37_1_p3_q.m4a	text	menelefon	menonton			melawat
ms-MY	37	1	4	multiplechoices		Amir mahu pakai apa?	ms_my_rc_37_1_p4_q.m4a	text	Baju merah baharu	Topi	Baju lama		Baju merah baharu
ms-MY	37	1	5	multiplechoices		Kenapa Amir tidak dapat jumpa baju itu?	ms_my_rc_37_1_p5_q.m4a	text	Adik Amir memakai baju itu.	Amir lupa baju itu di mana.	Baju itu dicuci.		Adik Amir memakai baju itu.
ms-MY	37	2	1	title	Cerita 2								
ms-MY	37	2	2	readingonly	Lina pergi ke sekolah dengan kawan-kawan. Mereka suka baca buku bersama-sama. Kadang-kadang mereka bergurau dan bersukan. Mereka duduk bersama semasa waktu rehat. Selepas sekolah, mereka berjalan kaki balik ke rumah.								
ms-MY	37	2	3	fillintheblank		Lina pergi ke [sekolah].	ms_my_rc_37_2_p3_q.m4a	text	hospital	pasar			sekolah
ms-MY	37	2	4	multiplechoices		Mereka suka buat apa bersama-sama?	ms_my_rc_37_2_p4_q.m4a	text	Baca buku	Menyanyi	Mewarna		Baca buku
ms-MY	37	2	5	multiplechoices		Mereka pergi ke mana selepas sekolah?	ms_my_rc_37_2_p5_q.m4a	text	Kedai	Rumah	Klinik		Rumah
ms-MY	38	1	1	title	Cerita 1								
ms-MY	38	1	2	readingonly	Kavita ada seorang kakak. Kakak Kavita dua tahun lebih tua. Kakaknya ajar Kavita mengira, membaca, dan bersukan. Kavita ada banyak guru, tetapi Kavita paling suka kakaknya mengajar.								
ms-MY	38	1	3	multiplechoices		Kakak ajar Kavita apa?	ms_my_rc_38_1_p3_q.m4a	text	Mengira, membaca, dan bersukan.	Menyanyi dan menari	Memasak		Mengira, membaca, dan bersukan.
ms-MY	38	1	4	fillintheblank		Kakak Kavita dua tahun lebih [tua].	ms_my_rc_38_1_p4_q.m4a	text	muda	berat			tua
ms-MY	38	1	5	multiplechoices		Kavita paling suka siapa mengajarnya?	ms_my_rc_38_1_p5_q.m4a	text	Kakaknya	Guru	Ayah		Kakaknya
ms-MY	38	2	1	title	Cerita 2								
ms-MY	38	2	2	readingonly	Ming mahu bermain bola sepak. Dia tidak tahu bermain bola sepak. Kawan-kawan ajar Ming bermain bola sepak. Mereka ajar Ming sepak bola. Ming cuba dengan baik. Ming rasa seronok bermain bola sepak.								
ms-MY	38	2	3	multiplechoices		Ming mahu bermain apa?	ms_my_rc_38_2_p3_q.m4a	text	Bola sepak	Badminton	Bola keranjang		Bola sepak
ms-MY	38	2	4	multiplechoices		Siapa ajar Ming bermain bola sepak?	ms_my_rc_38_2_p4_q.m4a	text	Kawan-kawan	Guru	Kakak		Kawan-kawan
ms-MY	38	2	5	ordering		Susun urutan	ms_my_rc_38_2_p5_q.m4a	text	Ming mahu bermain bola sepak.	Kawan-kawan ajar Ming.	Ming rasa seronok.		Urutan betul
ms-MY	39	1	1	title	Cerita 1								
ms-MY	39	1	2	readingonly	Siti ada seekor kucing. Kucing itu hitam. Siti suka bermain dengan kucing itu. Pada suatu hari, Siti balik dari sekolah. Dia cari kucing itu tetapi tidak jumpa. Siti rasa sedih. Tidak lama kemudian, kucing itu balik. Siti beri susu kepadanya. Kucing itu tidur di riba Siti. Siti rasa gembira.								
ms-MY	39	1	3	fillintheblank		Siti ada kucing [hitam].	ms_my_rc_39_1_p3_q.m4a	text	putih	kuning			hitam
ms-MY	39	1	4	multiplechoices		Kenapa Siti sedih?	ms_my_rc_39_1_p4_q.m4a	text	Dia tidak jumpa kucingnya.	Bukunya hilang.	Dia lapar.		Dia tidak jumpa kucingnya.
ms-MY	39	1	5	multiplechoices		Di mana kucing Siti tidur?	ms_my_rc_39_1_p5_q.m4a	text	Riba Siti.	Atas meja.	Dalam kotak.		Riba Siti.
ms-MY	39	2	1	title	Cerita 2								
ms-MY	39	2	2	readingonly	Mei ada seorang adik lelaki. Adiknya suka makan. Dia suka ketawa. Adik Mei senyum apabila nampaknya. Mei selalu peluk adiknya. Mei sayang adiknya.								
ms-MY	39	2	3	fillintheblank		Mei ada seorang [adik] lelaki.	ms_my_rc_39_2_p3_q.m4a	text	abang	kakak			adik
ms-MY	39	2	4	multiplechoices		Adik Mei senyum apabila nampak siapa?	ms_my_rc_39_2_p4_q.m4a	text	Ibu	Mei	Abang		Mei
ms-MY	39	2	5	multiplechoices		Mei selalu peluk siapa?	ms_my_rc_39_2_p5_q.m4a	text	Adiknya	Ibunya	Bapanya		Adiknya
ms-MY	40	1	1	title	Cerita 1								
ms-MY	40	1	2	listeningonly	ms_my_lc_4_3_story.m4a								
ms-MY	40	1	3	multiplechoices		Where did Fogo go for a visit?	en_uk_lc_4_3_q1.m4a	text	To the city	To the beach	To the moon		To the city
ms-MY	40	1	4	multiplechoices		What did Fogo buy for his brother Kwasi?	en_uk_lc_4_3_q2.m4a	text	Some new pens	Some new books	Some new shoes		Some new pens
ms-MY	40	1	5	fillintheblank		The new [pens] were beautiful.	en_uk_lc_4_3_q3.m4a	text	books	shoes			
ms-MY	40	1	6	multiplechoices		What does Kwasi like to do with the pens?	en_uk_lc_4_3_q4.m4a	text	Write and draw pictures	Throw them	Clean them		Write and draw pictures
ms-MY	40	1	7	title	Cerita 2								
ms-MY	40	1	8	listeningonly	ms_my_lc_4_8_story.m4a								
ms-MY	40	1	9	fillintheblank		I like coconuts [more than] mangoes.	en_uk_lc_4_8_q1.m4a	text	less than	the same as			
ms-MY	40	1	10	multiplechoices		What kind of juice do coconuts have?	en_uk_lc_4_8_q2.m4a	text	Sweet or a little sour	Very sweet only	Bitter		Sweet or a little sour
ms-MY	40	1	11	multiplechoices		What type of coconut juice does she like the most?	en_uk_lc_4_8_q3.m4a	text	Sweet coconut juice	Spicy coconut juice	Salty coconut juice		Sweet coconut juice
ms-MY	40	1	12	multiplechoices		Why doesn’t she like mangos as much as coconuts?	en_uk_lc_4_8_q4.m4a	text	They do not have juice.	They are not sweet.	They are not sour.		They do not have juice.
ms-MY	41	1	1	title	Cerita 1								
ms-MY	41	1	2	listeningonly	ms_my_lc_4_9_story.m4a								
ms-MY	41	1	3	multiplechoices		What does she like to do?	en_uk_lc_4_9_q1.m4a	text	Swim	Fly	Draw		Swim
ms-MY	41	1	4	fillintheblank		I [never] get tired when I swim.	en_uk_lc_4_9_q2.m4a	text	always	sometimes			
ms-MY	41	1	5	fillintheblank		I feel very tired after I [run].	en_uk_lc_4_9_q3.m4a	text	swim	fly			
ms-MY	41	1	6	multiplechoices		What does she like to do more than run?	en_uk_lc_4_9_q4.m4a	text	Swim	Nothing	Draw		Swim
ms-MY	41	1	7	title	Cerita 2								
ms-MY	41	1	8	listeningonly	ms_my_lc_4_4_story.m4a								
ms-MY	41	1	9	multiplechoices		What are Ghipe and Haamid doing?	en_uk_lc_4_4_q1.m4a	text	Helping clean the classroom	Helping mark exams	Helping cook the food		Helping clean the classroom
ms-MY	41	1	10	multiplechoices		Why is the classroom very dusty?	en_uk_lc_4_4_q2.m4a	text	It was not used for many weeks.	There was a sandstorm.	Other kids brought in sand.		It was not used for many weeks.
ms-MY	41	1	11	multiplechoices		How does the teacher feel about their cleaning?	en_uk_lc_4_4_q3.m4a	text	She is pleased.	She is angry.	She is worried.		She is pleased.
ms-MY	41	1	12	multiplechoices		What did the teacher tell them after they were done?	en_uk_lc_4_4_q4.m4a	text	That they did a great job.	That they did a poor job.	That they can do better next time.		That they did a great job.
ms-MY	42	1	1	title	Cerita 1								
ms-MY	42	1	2	listeningonly	ms_my_lc_4_1_story.m4a								
ms-MY	42	1	3	multiplechoices		What did Paul and his family need?	en_uk_lc_4_1_q1.m4a	text	Soap	Rice	Meat		Soap
ms-MY	42	1	4	multiplechoices		Where did Paul go to buy the soap?	en_uk_lc_4_1_q2.m4a	text	The store	The hospital	The school		The store
ms-MY	42	1	5	multiplechoices		What did Paul also want to buy?	en_uk_lc_4_1_q3.m4a	text	Sweets	A chicken	A book		Sweets
ms-MY	42	1	6	multiplechoices		Why did Paul buy the soap instead of the sweets?	en_uk_lc_4_1_q4.m4a	text	His family needed the soap.	Paul does not like sweets.	Paul found some sweets.		His family needed the soap.
ms-MY	42	1	7	title	Cerita 2								
ms-MY	42	1	8	listeningonly	ms_my_lc_4_11_story.m4a								
ms-MY	42	1	9	multiplechoices		What does bird love to do?	en_uk_lc_4_11_q1.m4a	text	Sing	Dance	Fly		Sing
ms-MY	42	1	10	ordering			en_uk_lc_4_11_q2.m4a	text	She sings in the morning when she finds a worm.	She sings in the afternoon when she rests on a branch.	She sings in the evening when the sun begins to set.		
ms-MY	42	1	11	fillintheblank		Her [song] is beautiful.	en_uk_lc_4_11_q3.m4a	text	dance	feather			
ms-MY	42	1	12	multiplechoices		When does bird sing?	en_uk_lc_4_11_q4.m4a	text	All day, but not at night	All day and all night	All night		All day, but not at night
ms-MY	43	1	1	title	Cerita 1								
ms-MY	43	1	2	lcallinone	en_uk_lc_4_2_story.m4a	What did Tim want to buy?	en_uk_lc_4_2_q1.m4a	text	A donkey	A chicken	A pig		A donkey
ms-MY	43	1	3	lcallinone	en_uk_lc_4_2_story.m4a	Why did Tim want to buy a donkey?	en_uk_lc_4_2_q2.m4a	text	To help him carry water	To be his friend	To carry sand		To help him carry water
ms-MY	43	1	4	lcallinone	en_uk_lc_4_2_story.m4a	Why did Tim go see his neighbour?	en_uk_lc_4_2_q3.m4a	text	To ask for money	To eat together	To play a game		To ask for money
ms-MY	43	1	5	lcallinone	en_uk_lc_4_2_story.m4a	Who gave Tim a donkey?	en_uk_lc_4_2_q4.m4a	text	His friend, Sam	His neighbour	His teacher		His friend, Sam
ms-MY	43	1	6	title	Cerita 2								
ms-MY	43	1	7	listeningonly	ms_my_lc_4_6_story.m4a								
ms-MY	43	1	8	multiplechoices		What was Chega doing when it was sunny?	en_uk_lc_4_6_q1.m4a	text	Playing outside with his friends	Doing the washing	Sleeping		Playing outside with his friends
ms-MY	43	1	9	fillintheblank		The [rain] was heavy and very loud.	en_uk_lc_4_6_q2.m4a	text	snow	car			
ms-MY	43	1	10	multiplechoices		Why did Chega run home?	en_uk_lc_4_6_q3.m4a	text	To help his mom put the clothes away	To sleep	To eat		To help his mom put the clothes away
ms-MY	43	1	11	ordering			en_uk_lc_4_6_q4.m4a	text	First, it was very sunny.	Then, it began to rain.	So Chega rain home to put away the clothes.		
ms-MY	44	1	1	title	Cerita 1								
ms-MY	44	1	2	listeningonly	ms_my_lc_4_5_story.m4a								
ms-MY	44	1	3	multiplechoices		What did Ayubu want to wear?	en_uk_lc_4_5_q1.m4a	text	His favorite red shirt	His favorite blue pants	His favorite hat		His favorite red shirt
ms-MY	44	1	4	multiplechoices		Who was Ayubu going to visit?	en_uk_lc_4_5_q2.m4a	text	His grandmother	His doctor	His teacher		His grandmother
ms-MY	44	1	5	multiplechoices		What was the problem with Ayubu’s favorite red shirt?	en_uk_lc_4_5_q3.m4a	text	He could not find it.	It was ripped.	He did not buy it yet.		He could not find it.
ms-MY	44	1	6	multiplechoices		How did Ayubu feel when he saw his brother wearing his favorite red shirt?	en_uk_lc_4_5_q4.m4a	text	He was happy and smiled.	He was angry and yelled.	He was sad and cried.		He was happy and smiled.
ms-MY	44	1	7	title	Cerita 2								
ms-MY	44	1	8	listeningonly	ms_my_lc_4_10_story.m4a								
ms-MY	44	1	9	multiplechoices		Who does she go to school with?	en_uk_lc_4_10_q1.m4a	text	Her friends	Her family	No one		Her friends
ms-MY	44	1	10	fillintheblank		My [friends] and I do many things together at school.	en_uk_lc_4_10_q2.m4a	text	teachers	sisters			
ms-MY	44	1	11	ordering			en_uk_lc_4_10_q3.m4a	text	First, she is with her friends at school.	Then, she walks home with her friends.	Finally, she says goodbye to her friends.		
ms-MY	44	1	12	multiplechoices		Why is she excited about tomorrow?	en_uk_lc_4_10_q4.m4a	text	She gets to see her friends again.	She wants to take an exam.	She gets to play with her sister tomorrow.		She gets to see her friends again.
ms-MY	45	1	1	title	Cerita 1								
ms-MY	45	1	2	listeningonly	ms_my_lc_4_7_story.m4a								
ms-MY	45	1	3	fillintheblank		Chiku has a [sister].	en_uk_lc_4_7_q1.m4a	text	brother	cousin			
ms-MY	45	1	4	multiplechoices		Is Chiku’s sister younger or older?	en_uk_lc_4_7_q2.m4a	text	Older	Younger	They are same age		Older
ms-MY	45	1	5	multiplechoices		What does Chiku’s sister teach her?	en_uk_lc_4_7_q3.m4a	text	Many things, like math, reading and sports	Nothing	Only how to do math		Many things, like math, reading and sports
ms-MY	45	1	6	multiplechoices		Why does Chiku call her sister her “teacher”?	en_uk_lc_4_7_q4.m4a	text	Because she teaches Chiku many things.	Because her job is a teacher.	Because she likes the word teacher.		Because she teaches Chiku many things.
ms-MY	45	1	7	title	Cerita 2								
ms-MY	45	1	8	listeningonly	ms_my_lc_4_12_story.m4a								
ms-MY	45	1	9	multiplechoices		What does Martin want to learn how to play?	en_uk_lc_4_12_q1.m4a	text	Football	Checkers	Racing		Football
ms-MY	45	1	10	multiplechoices		Who helps teach Martin to play football?	en_uk_lc_4_12_q2.m4a	text	His friends	His teacher	His sister		His friends
ms-MY	45	1	11	fillintheblank		Martin does [his best].	en_uk_lc_4_12_q3.m4a	text	his worst	just okay			
ms-MY	45	1	12	multiplechoices		Does Martin like football at the end?	en_uk_lc_4_12_q4.m4a	text	Yes, he says it is fun!	No, he says it is hard.	We don’t know.		Yes, he says it is fun!
ms-MY	46	1	1	title	Cerita 1								
ms-MY	46	1	2	listeningonly	ms_my_lc_5_3_story.m4a								
ms-MY	46	1	3	multiplechoices		What does Bititi have at school?	en_uk_lc_5_3_q1.m4a	text	A new drum	A new teacher	A new friend		A new drum
ms-MY	46	1	4	multiplechoices		Who does Bititi like to watch play the drum?	en_uk_lc_5_3_q2.m4a	text	Her teacher and the older students	Her friends	Her headmaster		Her teacher and the older students
ms-MY	46	1	5	fillintheblank		They are all very [good] at playing the drum.	en_uk_lc_5_3_q3.m4a	text	bad	poor			
ms-MY	46	1	6	multiplechoices		Why is Bititi very happy?	en_uk_lc_5_3_q4.m4a	text	Her teacher will teach her to play the drums.	Her teacher bought her a drum.	Her friends gave her sweets.		Her teacher will teach her to play the drums.
ms-MY	46	1	7	title	Cerita 2								
ms-MY	46	1	8	listeningonly	ms_my_lc_5_4_story.m4a								
ms-MY	46	1	9	multiplechoices		What do Chega and his father sell at the market?	en_uk_lc_5_4_q1.m4a	text	Vegetables	Meat	Baskets		Vegetables
ms-MY	46	1	10	fillintheblank		Chega helps his father [carry] the vegetables to the market.	en_uk_lc_5_4_q2.m4a	text	fly	swim			
ms-MY	46	1	11	fillintheblank		He tells people how much each vegetable [costs].	en_uk_lc_5_4_q3.m4a	text	weighs	cooks			
ms-MY	46	1	12	multiplechoices		Why does Chega need to use math?	en_uk_lc_5_4_q4.m4a	text	He uses math to count how much change to give.	He doesn’t need math.	He needs to count the vegetables.		He uses math to count how much change to give.
ms-MY	47	1	1	title	Cerita 1								
ms-MY	47	1	2	listeningonly	ms_my_lc_5_6_story.m4a								
ms-MY	47	1	3	multiplechoices		Who are Malika and Najma?	en_uk_lc_5_6_q1.m4a	text	They are friends.	They are sisters.	They are cousins.		They are friends.
ms-MY	47	1	4	multiplechoices		What should students do if they know the answer to the teacher’s question?	en_uk_lc_5_6_q2.m4a	text	Raise their hand first	Shout out the answer	Do not do anything		Raise their hand first
ms-MY	47	1	5	multiplechoices		When does Malika raise her hand in class?	en_uk_lc_5_6_q3.m4a	text	If she thinks she knows the answer, and if she has a good guess.	Never	All the time, no matter if she knows the answer or not.		If she thinks she knows the answer, and if she has a good guess.
ms-MY	47	1	6	fillintheblank		She [likes] sharing her answers and reasons with her class.	en_uk_lc_5_6_q4.m4a	text	hates	scared of			
ms-MY	47	1	7	title	Cerita 2								
ms-MY	47	1	8	listeningonly	ms_my_lc_5_5_story.m4a								
ms-MY	47	1	9	multiplechoices		Why did Zeyana and her mother go to the hospital?	en_uk_lc_5_5_q1.m4a	text	Zeyana was not feeling well.	To get a shot.	To do a check-up.		Zeyana was not feeling well.
ms-MY	47	1	10	multiplechoices		What are some things the doctor did?	en_uk_lc_5_5_q2.m4a	text	She examined Zeyana’s eyes and throat.	She only asked Zeyana a lot of questions.	She only did a blood test.		She examined Zeyana’s eyes and throat.
ms-MY	47	1	11	ordering			en_uk_lc_5_5_q3.m4a	text	Zeyana was not feeling well.	She went to visit the doctor.	The doctor gave her medicine.		
ms-MY	47	1	12	multiplechoices		Why did Zeyana feel better in days?	en_uk_lc_5_5_q4.m4a	text	She took medicine.	She got better on her own.	She was never sick.		She took medicine.
ms-MY	48	1	1	title	Cerita 1								
ms-MY	48	1	2	listeningonly	ms_my_lc_5_2_story.m4a								
ms-MY	48	1	3	multiplechoices		What did Imani and Jahina come across during their walk?	en_uk_lc_5_2_q1.m4a	text	A goat	A monkey	An elephant		A goat
ms-MY	48	1	4	multiplechoices		What was strange about the goat?	en_uk_lc_5_2_q2.m4a	text	It was all alone, and they did not recognize it.	The goat was acting funny.	The goat was really small.		It was all alone, and they did not recognize it.
ms-MY	48	1	5	multiplechoices		Who did they learn the goat belonged to?	en_uk_lc_5_2_q3.m4a	text	Their friend, Aziza.	No one.	Their neighbour, Paul.		Their friend, Aziza.
ms-MY	48	1	6	ordering			en_uk_lc_5_2_q4.m4a	text	First, Imani and Jahini went for a walk.	Then, they came across a lonely goat.	Finally, they saw its owner, Aziza chasing it.		
ms-MY	48	1	7	title	Cerita 2								
ms-MY	48	1	8	listeningonly	ms_my_lc_5_7_story.m4a								
ms-MY	48	1	9	multiplechoices		What did Mkamba’s dad need?	en_uk_lc_5_7_q1.m4a	text	Eggs	Salt	Bread		Eggs
ms-MY	48	1	10	multiplechoices		How many eggs did Mkamba find with their chickens?	en_uk_lc_5_7_q2.m4a	text	Four eggs	No eggs	One egg		Four eggs
ms-MY	48	1	11	multiplechoices		Why was Mkamba sad?	en_uk_lc_5_7_q3.m4a	text	He dropped one egg.	He did not like eggs.	He did not find any eggs.		He dropped one egg.
ms-MY	48	1	12	ordering			en_uk_lc_5_7_q4.m4a	text	Mkamba needed eggs for his dad.	Mkamba found four eggs with the chickens.	Mkamba dropped one egg.		
ms-MY	49	1	1	title	Cerita 1								
ms-MY	49	1	2	listeningonly	ms_my_lc_5_1_story.m4a								
ms-MY	49	1	3	multiplechoices		What was wrong with Himidi’s right eye?	en_uk_lc_5_1_q1.m4a	text	It was red and it hurt a lot.	He could not see.	Nothing was wrong.		It was red and it hurt a lot.
ms-MY	49	1	4	multiplechoices		Where did his mother take him?	en_uk_lc_5_1_q2.m4a	text	To the clinic	To the police station	To the store		To the clinic
ms-MY	49	1	5	multiplechoices		What did the nurse say was wrong with his eye?	en_uk_lc_5_1_q3.m4a	text	She said he had an infection.	She said nothing was wrong.	She does not know.		She said he had an infection.
ms-MY	49	1	6	ordering			en_uk_lc_5_1_q4.m4a	text	First, Himidi’s eye hurt a lot.	Then, he and his mother visited the clinic.	Finally, the nurse gave Himidi medicine.		
ms-MY	49	1	7	title	Cerita 2								
ms-MY	49	1	8	listeningonly	ms_my_lc_5_8_story.m4a								
ms-MY	49	1	9	multiplechoices		Why were Jali and Karima excited?	en_uk_lc_5_8_q1.m4a	text	They will get to paint their house with their dad and uncle.	They will go to the market.	They will go to their grandmother’s village.		They will get to paint their house with their dad and uncle.
ms-MY	49	1	10	multiplechoices		What have Jali and Karima been thinking about for weeks?	en_uk_lc_5_8_q2.m4a	text	What color to paint their house	What to play with their uncle	What to cook for their uncle		What color to paint their house
ms-MY	49	1	11	fillintheblank		Their [dad] let them paint two walls white and two walls blue.	en_uk_lc_5_8_q3.m4a	text	sister	brother			
ms-MY	49	1	12	multiplechoices		Why did they need to paint the house two colors?	en_uk_lc_5_8_q4.m4a	text	Because Jali wanted to paint the house white, and Karim wanted to paint the house blue.	Because it looks nicer.	Because all houses have two colors.		Because Jali wanted to paint the house white, and Karim wanted to paint the house blue.