title,Huruf V,v.m4a,book_en_v.jpg,square,audio,
page,1,van.png,wordwrap,
paragraph
sentence,van.m4a,0,
word,0,1.032,van,van.m4a,
page,2,vas.png,wordwrap,
paragraph
sentence,vas.m4a,0,
word,0,0.816,vas,vas.m4a,
page,3,video.png,wordwrap,
paragraph
sentence,video.m4a,0,
word,0,1.128,video,video.m4a,
page,4,vitamin.png,wordwrap,
paragraph
sentence,vitamin.m4a,0,
word,0,1.320,vitamin,vitamin.m4a,
page,5,vila.png,wordwrap,
paragraph
sentence,vila.m4a,0,
word,0,1.080,vila,vila.m4a,
page,6,viola.png,wordwrap,
paragraph
sentence,viola.m4a,0,
word,0,1.248,viola,viola.m4a,
