en_uk_a1_01.m4a	00:00:11.45
en_uk_a1_02.m4a	00:00:08.16
en_uk_a1_03.m4a	00:00:17.02
en_uk_a1_04.m4a	00:00:10.18
en_uk_a1_05.m4a	00:00:08.40
en_uk_a1_06.m4a	00:00:10.49
en_uk_a1_07.m4a	00:00:10.10
en_uk_a1_08.m4a	00:00:07.51
en_uk_a1_09.m4a	00:00:09.34
en_uk_a1_10.m4a	00:00:09.96
en_uk_a2_01.m4a	00:00:12.62
en_uk_a2_02.m4a	00:00:08.66
en_uk_a2_03.m4a	00:00:13.73
en_uk_a2_04.m4a	00:00:09.43
en_uk_a2_05.m4a	00:00:07.99
en_uk_a2_06.m4a	00:00:07.97
en_uk_a2_07.m4a	00:00:10.15
en_uk_a2_08.m4a	00:00:07.99
en_uk_a2_09.m4a	00:00:09.19
en_uk_a2_10.m4a	00:00:08.02
en_uk_b1_01.m4a	00:00:08.83
en_uk_b1_02.m4a	00:00:08.28
en_uk_b1_03.m4a	00:00:07.75
en_uk_b1_04.m4a	00:00:09.17
en_uk_b1_05.m4a	00:00:09.72
en_uk_b1_06.m4a	00:00:11.35
en_uk_b1_07.m4a	00:00:10.39
en_uk_b1_08.m4a	00:00:10.80
en_uk_b1_09.m4a	00:00:08.95
en_uk_b1_10.m4a	00:00:11.40
en_uk_b2_01.m4a	00:00:10.10
en_uk_b2_02.m4a	00:00:13.13
en_uk_b2_03.m4a	00:00:09.29
en_uk_b2_04.m4a	00:00:08.95
en_uk_b2_05.m4a	00:00:11.30
en_uk_b2_06.m4a	00:00:09.41
en_uk_b2_07.m4a	00:00:08.28
en_uk_b2_08.m4a	00:00:10.90
en_uk_b2_09.m4a	00:00:09.02
en_uk_b2_10.m4a	00:00:12.82
en_uk_c1_01.m4a	00:00:09.38
en_uk_c1_02.m4a	00:00:11.86
en_uk_c1_03.m4a	00:00:10.15
en_uk_c1_04.m4a	00:00:09.84
en_uk_c1_05.m4a	00:00:10.80
en_uk_c1_06.m4a	00:00:11.26
en_uk_c1_07.m4a	00:00:10.32
en_uk_c1_08.m4a	00:00:10.44
en_uk_c1_09.m4a	00:00:12.36
en_uk_c1_10.m4a	00:00:10.06
en_uk_c2_01.m4a	00:00:13.13
en_uk_c2_02.m4a	00:00:09.14
en_uk_c2_03.m4a	00:00:11.45
en_uk_c2_04.m4a	00:00:13.49
en_uk_c2_05.m4a	00:00:11.30
en_uk_c2_06.m4a	00:00:13.25
en_uk_c2_07.m4a	00:00:12.02
en_uk_c2_08.m4a	00:00:13.70
en_uk_c2_09.m4a	00:00:10.75
en_uk_c2_10.m4a	00:00:13.87
en_uk_d1_01.m4a	00:00:10.15
en_uk_d1_02.m4a	00:00:09.74
en_uk_d1_03.m4a	00:00:07.06
en_uk_d1_04.m4a	00:00:06.96
en_uk_d1_05.m4a	00:00:10.63
en_uk_d1_06.m4a	00:00:11.90
en_uk_d1_07.m4a	00:00:07.56
en_uk_d1_08.m4a	00:00:09.38
en_uk_d1_09.m4a	00:00:11.18
en_uk_d1_10.m4a	00:00:14.76
en_uk_d2_01.m4a	00:00:10.87
en_uk_d2_02.m4a	00:00:11.50
en_uk_d2_03.m4a	00:00:10.32
en_uk_d2_04.m4a	00:00:10.97
en_uk_d2_05.m4a	00:00:11.33
en_uk_d2_06.m4a	00:00:08.90
en_uk_d2_07.m4a	00:00:07.46
en_uk_d2_08.m4a	00:00:12.46
en_uk_d2_09.m4a	00:00:14.54
en_uk_d2_10.m4a	00:00:10.44
en_uk_d3_01.m4a	00:00:09.46
en_uk_d3_02.m4a	00:00:11.23
en_uk_d3_03.m4a	00:00:11.74
en_uk_d3_04.m4a	00:00:09.98
en_uk_d3_05.m4a	00:00:12.29
en_uk_d3_06.m4a	00:00:12.91
en_uk_d3_07.m4a	00:00:10.44
en_uk_d3_08.m4a	00:00:18.14
en_uk_d3_09.m4a	00:00:09.60
en_uk_d3_10.m4a	00:00:12.58
en_uk_d4_01.m4a	00:00:09.91
en_uk_d4_02.m4a	00:00:10.73
en_uk_d4_03.m4a	00:00:10.06
en_uk_d4_04.m4a	00:00:08.40
en_uk_d4_05.m4a	00:00:14.33
en_uk_d4_06.m4a	00:00:11.50
en_uk_d4_07.m4a	00:00:12.41
en_uk_d4_08.m4a	00:00:11.16
en_uk_d4_09.m4a	00:00:11.42
en_uk_d4_10.m4a	00:00:08.40
en_uk_e1_01.m4a	00:00:13.01
en_uk_e1_02.m4a	00:00:13.85
en_uk_e1_03.m4a	00:00:14.42
en_uk_e1_04.m4a	00:00:13.32
en_uk_e1_05.m4a	00:00:17.04
en_uk_e1_06.m4a	00:00:12.94
en_uk_e1_07.m4a	00:00:13.20
en_uk_e1_08.m4a	00:00:16.51
en_uk_e1_09.m4a	00:00:14.86
en_uk_e1_10.m4a	00:00:15.26
en_uk_e2_01.m4a	00:00:11.45
en_uk_e2_02.m4a	00:00:11.95
en_uk_e2_03.m4a	00:00:10.80
en_uk_e2_04.m4a	00:00:10.63
en_uk_e2_05.m4a	00:00:13.39
en_uk_e2_06.m4a	00:00:16.10
en_uk_e2_07.m4a	00:00:14.66
en_uk_e2_08.m4a	00:00:13.22
en_uk_e2_09.m4a	00:00:11.78
en_uk_e2_10.m4a	00:00:13.49
en_uk_f1_01.m4a	00:00:10.80
en_uk_f1_02.m4a	00:00:05.54
en_uk_f1_03.m4a	00:00:08.69
en_uk_f1_04.m4a	00:00:09.29
en_uk_f1_05.m4a	00:00:09.86
en_uk_f1_06.m4a	00:00:05.40
en_uk_f1_07.m4a	00:00:09.65
en_uk_f1_08.m4a	00:00:09.55
en_uk_f1_09.m4a	00:00:09.02
en_uk_f1_10.m4a	00:00:09.67
en_uk_f2_01.m4a	00:00:07.66
en_uk_f2_02.m4a	00:00:07.82
en_uk_f2_03.m4a	00:00:09.98
en_uk_f2_04.m4a	00:00:11.38
en_uk_f2_05.m4a	00:00:12.05
en_uk_f2_06.m4a	00:00:07.78
en_uk_f2_07.m4a	00:00:12.10
en_uk_f2_08.m4a	00:00:10.03
en_uk_f2_09.m4a	00:00:09.07
en_uk_f2_10.m4a	00:00:10.87
