#LanguageTag	Level	Worksheet	ProblemNo	Problem	SentenceSound	UpperCase
ms-MY	1	1	1	Ini b[a]s.	inibas.m4a	n
ms-MY	1	1	2	Ini b[a]s kuning.	inibaskuning.m4a	n
ms-MY	1	1	3	B[a]s ini kuning.	basinikuning.m4a	n
ms-MY	1	2	1	Ini k[u]c[i]ng.	inikucing.m4a	n
ms-MY	1	2	2	Kucing ini h[i]t[a]m.	kucinginihitam.m4a	n
ms-MY	1	2	3	Ini se[e]k[o]r kucing.	iniseekorkucing.m4a	n
ms-MY	2	1	1	Ini b[u]k[u] biru.	inibukubiru.m4a	n
ms-MY	2	1	2	Buah [e]pal ini merah.	buahepalinimerah.m4a	n
ms-MY	2	1	3	[A]li suka makan roti.	alisukamakanroti.m4a	y
ms-MY	2	2	1	[I]ni cawan kaca.	inicawankaca.m4a	y
ms-MY	2	2	2	Baju ini [b]iru.	bajuinibiru.m4a	n
ms-MY	2	2	3	Cuaca hari ini [p]anas.	cuacahariinipanas.m4a	n
ms-MY	3	1	1	Adik [s]uka makan nasi.	adiksukamakannasi.m4a	n
ms-MY	3	1	2	Kakak su[k]a berenang.	kakaksukaberenang.m4a	n
ms-MY	3	1	3	Bu[r]ung helang terbang tinggi.	burunghelangterbangtinggi.m4a	n
ms-MY	3	2	1	Amir ber[m]ain bola.	amirbermainbola.m4a	n
ms-MY	3	2	2	Siti ber[j]alan kaki.	sitiberjalankaki.m4a	n
ms-MY	3	2	3	Pokok itu sangat besa[r].	pokokitusangatbesar.m4a	n
ms-MY	4	1	1	Na[m]a saya Aini.	namasayaaini.m4a	n
ms-MY	4	1	2	Ini sebiji te[l]ur.	inisebijitelur.m4a	n
ms-MY	4	1	3	Cuaca [h]ari ini cera[h].	cuacahariinicerah.m4a	n
ms-MY	4	2	1	Ini see[k]or [s]inga.	iniseekorsinga.m4a	n
ms-MY	4	2	2	Ini seekor se[m]u[t].	iniseekorsemut.m4a	n
ms-MY	4	2	3	Sa[y]a kenal bu[d]ak itu.	sayakenalbudakitu.m4a	n
ms-MY	5	1	1	Kakak sangat [g]em[b]ira.	kakaksangatgembira.m4a	n
ms-MY	5	1	2	Sani suka@[m]e[m]baca buku.	sanisukamembacabuku.m4a	n
ms-MY	5	1	3	Kami berlari@dengan [p]a[n]tas.	kamiberlaridenganpantas.m4a	n
ms-MY	5	2	1	Na[m]a sa[y]a Ravi.	namasayaravi.m4a	n
ms-MY	5	2	2	A[b]ang saya sangat [t]inggi.	abangsayasangattinggi.m4a	n
ms-MY	5	2	3	Lina de[m]a[m].	linademam.m4a	n
ms-MY	6	1	1	Ini [b]a[p]a sa[y]a.	inibapasaya.m4a	n
ms-MY	6	1	2	Ini seekor [k]a[t]a[k].	iniseekorkatak.m4a	n
ms-MY	6	1	3	Ini [k]a[m][b]ing datuk.	inikambingdatuk.m4a	n
ms-MY	6	2	1	[P]okok itu [t]ing[g]i.	pokokitutinggi.m4a	y
ms-MY	6	2	2	Ini see[k]or i[t]i[k].	iniseekoritik.m4a	n
ms-MY	6	2	3	Siti berasa [l]a[p]ar.	sitiberasalapar.m4a	n
ms-MY	7	1	1	Ini ba[j]u ba[h]aru sa[y]a.	inibajubaharusaya.m4a	n
ms-MY	7	1	2	Ru[m]a[h] itu u[s]ang.	rumahituusang.m4a	n
ms-MY	7	1	3	Ini se[b]i[j]i buah o[r]en.	inisebijibuahoren.m4a	n
ms-MY	7	2	1	Saya a[d]a see[k]or ku[c]ing.	sayaadaseekorkucing.m4a	n
ms-MY	7	2	2	Lo[ri] itu besar.	loriitubesar.m4a	n
ms-MY	7	2	3	Tikus itu [ke]cil.	tikusitukecil.m4a	n
ms-MY	8	1	1	Adik suka bermain [bo]la.	adiksukabermainbola.m4a	n
ms-MY	8	1	2	I[bu] sangat gembira.	ibusangatgembira.m4a	y
ms-MY	8	1	3	Me[na]ra itu tinggi.	menaraitutinggi.m4a	n
ms-MY	8	2	1	Itu seekor singa be[ti]na.	ituseekorsingabetina.m4a	n
ms-MY	8	2	2	Kami ber[la]ri@dengan perlahan.	kamiberlaridenganperlahan.m4a	n
ms-MY	8	2	3	Na[ma] saya Aini.	namasayaaini.m4a	n
ms-MY	9	1	1	Ini beg [sa]ya.	inibegsaya.m4a	n
ms-MY	9	1	2	Kucing ini berbulu [te]bal.	kucinginiberbulutebal.m4a	n
ms-MY	9	1	3	Siti suka ma[kan] kek.	sitisukamakankek.m4a	n
ms-MY	9	2	1	Nama ka[kak] saya Siti.	namakakaksayasiti.m4a	n
ms-MY	9	2	2	Ini buku me[rah].	inibukumerah.m4a	n
ms-MY	9	2	3	Saya suka berka[wan]@dengan Amir.	sayasukaberkawandenganamir.m4a	n
ms-MY	10	1	1	Datuk mi[num] jus oren.	datukminumjusoren.m4a	n
ms-MY	10	1	2	Hao berenang@di ko[lam].	haoberenangdikolam.m4a	n
ms-MY	10	1	3	Burung itu terbang [ren]dah.	burungituterbangrendah.m4a	n
ms-MY	10	2	1	Abang bermain bola se[pak].	abangbermainbolasepak.m4a	n
ms-MY	10	2	2	Kakak berja[lan] kaki.	kakakberjalankaki.m4a	n
ms-MY	10	2	3	Ba[dak] itu besar.	badakitubesar.m4a	n
ms-MY	11	1	1	Ini seekor [gajah].	iniseekorgajah.m4a	n
ms-MY	11	1	2	Ali ialah abang [saya].	aliialahabangsaya.m4a	n
ms-MY	11	1	3	Ini bunga [matahari].	inibungamatahari.m4a	n
ms-MY	11	2	1	[Kereta] ini laju.	keretainilaju.m4a	y
ms-MY	11	2	2	Layang-layang [terbang] tinggi.	layang-layangterbangtinggi.m4a	n
ms-MY	11	2	3	Ini kucing [Kavita].	inikucingkavita.m4a	n
ms-MY	12	1	1	Nama [adik] saya Amir.	namaadiksayaamir.m4a	n
ms-MY	12	1	2	Kami [pergi] ke Melaka.	kamipergikemelaka.m4a	n
ms-MY	12	1	3	Kami [rakyat] Malaysia.	kamirakyatmalaysia.m4a	n
ms-MY	12	2	1	Ali [rajin] belajar.	alirajinbelajar.m4a	n
ms-MY	12	2	2	Kumar ialah [kawan] baik saya.	kumarialahkawanbaiksaya.m4a	n
ms-MY	12	2	3	Hao cuci [basikal].	haocucibasikal.m4a	n
ms-MY	13	1	1	Umur Lina [tujuh] tahun.	umurlinatujuhtahun.m4a	n
ms-MY	13	1	2	Mereka ada dua biji buah [mangga].	merekaadaduabijibuahmangga.m4a	n
ms-MY	13	1	3	Ibu saya suka warna [kuning].	ibusayasukawarnakuning.m4a	n
ms-MY	13	2	1	Mei ada [tiga] orang abang.	meiadatigaorangabang.m4a	n
ms-MY	13	2	2	Kakak saya [cantik].	kakaksayacantik.m4a	n
ms-MY	13	2	3	Mei bercita-cita@menjadi [doktor].	meibercitacitamenjadidoktor.m4a	n
ms-MY	14	1	1	Kucing itu@di atas [kotak].	kucingitudiataskotak.m4a	n
ms-MY	14	1	2	Ibu memasak di [dapur].	ibumemasakdidapur.m4a	n
ms-MY	14	1	3	Sekolah [Aini] besar.	sekolahainibesar.m4a	n
ms-MY	14	2	1	Kasut itu@di bawah [meja].	kasutitudibawahmeja.m4a	n
ms-MY	14	2	2	Siti baring@di bilik [tidur].	sitibaringdibiliktidur.m4a	n
ms-MY	14	2	3	Beg itu@di atas [kerusi].	begitudiataskerusi.m4a	n
ms-MY	15	1	1	Ravi sangat [gembira].	ravisangatgembira.m4a	n
ms-MY	15	1	2	[Kambing] itu di dalam kandang.	kambingitudidalamkandang.m4a	y
ms-MY	15	1	3	Cicak itu di [dinding].	cicakitudidinding.m4a	n
ms-MY	15	2	1	Tali ini [pendek].	taliinipendek.m4a	n
ms-MY	15	2	2	Ini [semut] merah.	inisemutmerah.m4a	n
ms-MY	15	2	3	[Kera] itu di atas pokok.	keraitudiataspokok.m4a	y
ms-MY	16	1	1	Kumbang ini berwarna [hitam].	kumbanginiberwarnahitam.m4a	n
ms-MY	16	1	2	[Adik] seorang yang pemalu.	adikseorangyangpemalu.m4a	y
ms-MY	16	1	3	Ali seorang yang [baik] hati.	aliseorangyangbaikhati.m4a	n
ms-MY	16	2	1	Rak [kasut] itu besar.	rakkasutitubesar.m4a	n
ms-MY	16	2	2	Nenek saya sudah [tua].	neneksayasudahtua.m4a	n
ms-MY	16	2	3	Badan Devi [sihat].	badandevisihat.m4a	n
ms-MY	17	1	1	Ibu memasak lauk [ikan].	ibumemasaklaukikan.m4a	n
ms-MY	17	1	2	Itu pokok [rambutan].	itupokokrambutan.m4a	n
ms-MY	17	1	3	Saya ada sebatang [pensel].	sayaadasebatangpensel.m4a	n
ms-MY	17	2	1	Ravi ada sebuah [van].	raviadasebuahvan.m4a	n
ms-MY	17	2	2	Mimi seorang [guru].	mimiseorangguru.m4a	n
ms-MY	17	2	3	Abang [beli] sebuah buku.	abangbelisebuahbuku.m4a	n
ms-MY	18	1	1	[Tupai] melompat tinggi.	tupaimelompattinggi.m4a	y
ms-MY	18	1	2	Ikan berenang@di dalam [kolam].	ikanberenangdidalamkolam.m4a	n
ms-MY	18	1	3	[Pintu] rumah ini rosak.	pinturumahinirosak.m4a	y
ms-MY	18	2	1	Emak beli [kipas] baharu.	emakbelikipasbaharu.m4a	n
ms-MY	18	2	2	Ini [nenek] Samad.	inineneksamad.m4a	n
ms-MY	18	2	3	[Cincin] emas itu mahal.	cincinemasitumahal.m4a	y
ms-MY	19	1	1	[Bantal] itu bersih.	bantalitubersih.m4a	y
ms-MY	19	1	2	Adik suka [menari].	adiksukamenari.m4a	n
ms-MY	19	1	3	[Sampan] itu di tepi sungai.	sampanituditepisungai.m4a	y
ms-MY	19	2	1	Mereka suka makan [sayur].	merekasukamakansayur.m4a	n
ms-MY	19	2	2	[Lantai] ini licin.	lantaiinilicin.m4a	y
ms-MY	19	2	3	Saya [pandai] mewarna.	sayapandaimewarna.m4a	n
ms-MY	20	1	1	Siapa [nama] adik kamu?	siapanamaadikkamu.m4a	n
ms-MY	20	1	2	Di mana [rumah] Ravi?	dimanarumahravi.m4a	n
ms-MY	20	1	3	Apa [warna] baju ini?	apawarnabajuini.m4a	n
ms-MY	20	2	1	Bila hari [jadi] kamu?	bilaharijadikamu.m4a	n
ms-MY	20	2	2	Ini [khemah] siapa?	inikhemahsiapa.m4a	n
ms-MY	20	2	3	Kamu [tinggal] di mana?	kamutinggaldimana.m4a	n
ms-MY	21	1	1	Berapa umur kamu [tahun] ini?	berapaumurkamutahunini.m4a	n
ms-MY	21	1	2	Siapa [kawan] baik Kamal?	siapakawanbaikkamal.m4a	n
ms-MY	21	1	3	Di mana [kunci] itu hilang?	dimanakunciituhilang.m4a	n
ms-MY	21	2	1	Ming suka makan buah [apa]?	mingsukamakanbuahapa.m4a	n
ms-MY	21	2	2	Haiwan apa makan buah [pisang]?	haiwanapamakanbuahpisang.m4a	n
ms-MY	21	2	3	Pukul berapa kamu [tidur]?	pukulberapakamutidur.m4a	n
ms-MY	22	1	1	Rumah itu [besar].	rumahitubesar.m4a	n
ms-MY	22	1	2	Periuk itu [panas].	periukitupanas.m4a	n
ms-MY	22	1	3	Katil itu di tepi [tingkap].	katilituditepitingkap.m4a	n
ms-MY	22	2	1	[Mangkuk] itu pecah.	mangkukitupecah.m4a	y
ms-MY	22	2	2	[Pembaris] itu pendek.	pembarisitupendek.m4a	y
ms-MY	22	2	3	Aki beli [rak] kayu.	akibelirakkayu.m4a	n
ms-MY	23	1	1	Lampu itu [rosak].	lampuiturosak.m4a	n
ms-MY	23	1	2	Cikgu ada [komputer] baharu.	cikguadakomputerbaharu.m4a	n
ms-MY	23	1	3	Ali suka [menyanyi].	Alisukamenyanyi.m4a	n
ms-MY	23	2	1	Aini dan Siti pergi ke [kedai].	ainidansitipergikekedai.m4a	n
ms-MY	23	2	2	Mei berkelah@di tepi [pantai].	meiberkelahditepipantai.m4a	n
ms-MY	23	2	3	Budak itu bermain@di [padang].	budakitubermaindipadang.m4a	n
ms-MY	24	1	1	Pak Cik tanam [petola]@di kebun.	pakciktanampetoladikebun.m4a	n
ms-MY	24	1	2	Ayah cuci [longkang].	ayahcucilongkang.m4a	n
ms-MY	24	1	3	Kumar siram pokok [keladi].	kumarsirampokokkeladi.m4a	n
ms-MY	24	2	1	Adik belajar@bermain [biola].	adikbelajarbermainbiola.m4a	n
ms-MY	24	2	2	Ravi ialah [abang] saya.	raviialahabangsaya.m4a	n
ms-MY	24	2	3	Bayi suka [minum] susu.	bayisukaminumsusu.m4a	n