alphabetpuzzle.m4a	00:00:01.56
animalpuzzle.m4a	00:00:01.99
birdphonics.m4a	00:00:01.56
bookwithquiz.m4a	00:00:02.07
comprehension.m4a	00:00:01.94
counting.m4a	00:00:01.00
doubledigit.m4a	00:00:01.56
equationmaker.m4a	00:00:01.53
feedingtime.m4a	00:00:01.42
findthematch.m4a	00:00:01.67
fishtank.m4a	00:00:01.28
hundredpuzzle.m4a	00:00:01.76
labeling.m4a	00:00:01.22
lettermatching.m4a	00:00:01.92
lettertrace.m4a	00:00:01.44
lettertracingcard.m4a	00:00:01.82
linematching.m4a	00:00:01.74
mangoshop.m4a	00:00:01.39
mathkicker.m4a	00:00:01.58
missingnumber.m4a	00:00:01.49
movinginsects.m4a	00:00:01.18
multiplicationlamp.m4a	00:00:02.16
numbermatching.m4a	00:00:01.70
numberpuzzle.m4a	00:00:01.51
numbertracing.m4a	00:00:01.83
numbertracingext.m4a	00:00:01.58
numbertrain.m4a	00:00:01.44
patterntrain.m4a	00:00:01.51
placevalue.m4a	00:00:01.49
quickfacts.m4a	00:00:01.70
readingbird.m4a	00:00:01.73
sentencebridge.m4a	00:00:01.61
sentencemaker.m4a	00:00:01.54
shapematching.m4a	00:00:01.65
soundtrain.m4a	00:00:01.73
spelling.m4a	00:00:01.25
starfall.m4a	00:00:01.01
tapping.m4a	00:00:00.84
thirtypuzzle.m4a	00:00:01.63
tutorialtrace.m4a	00:00:01.78
whatisthis.m4a	00:00:01.44
wordkicker.m4a	00:00:01.90
wordmachine.m4a	00:00:01.85
wordmatrix.m4a	00:00:02.02
wordnote.m4a	00:00:01.78
wordtracing.m4a	00:00:01.87
wordwindow.m4a	00:00:01.70
video.m4a	00:00:01.18
book.m4a	00:00:01.13