title,Huruf L,l.m4a,book_en_l.jpg,square,audio,
page,1,lampu.png,wordwrap,
paragraph
sentence,lampu.m4a,0,
word,0,1.128,lampu,lampu.m4a,
page,2,lari.png,wordwrap,
paragraph
sentence,lari.m4a,0,
word,0,1.008,lari,lari.m4a,
page,3,lori.png,wordwrap,
paragraph
sentence,lori.m4a,0,
word,0,1.008,lori,lori.m4a,
page,4,labu.png,wordwrap,
paragraph
sentence,labu.m4a,0,
word,0,1.080,labu,labu.m4a,
page,5,laut.png,wordwrap,
paragraph
sentence,laut.m4a,0,
word,0,0.864,laut,laut.m4a,
page,6,lilin.png,wordwrap,
paragraph
sentence,lilin.m4a,0,
word,0,1.104,lilin,lilin.m4a,
