a.m4a	00:00:00.61
abu.m4a	00:00:00.66
ace.m4a	00:00:00.77
ack.m4a	00:00:00.67
ad.m4a	00:00:00.67
ada.m4a	00:00:00.60
adat.m4a	00:00:00.44
ade.m4a	00:00:00.77
ag.m4a	00:00:00.70
age.m4a	00:00:00.93
ai.m4a	00:00:00.67
ail.m4a	00:00:00.74
ain.m4a	00:00:00.72
air.m4a	00:00:00.72
akan.m4a	00:00:00.71
ake.m4a	00:00:00.77
ala.m4a	00:00:00.60
alah.m4a	00:00:00.45
alam.m4a	00:00:00.64
alat.m4a	00:00:00.42
ale.m4a	00:00:00.77
all.m4a	00:00:00.74
alu.m4a	00:00:00.63
am.m4a	00:00:00.77
aman.m4a	00:00:00.64
amat.m4a	00:00:00.42
amp.m4a	00:00:00.74
an.m4a	00:00:00.74
anak.m4a	00:00:00.43
ane.m4a	00:00:00.72
ank.m4a	00:00:00.77
ap.m4a	00:00:00.72
ape.m4a	00:00:00.72
api.m4a	00:00:00.64
ar.m4a	00:00:00.63
ara.m4a	00:00:00.61
arang.m4a	00:00:00.64
are_01.m4a	00:00:00.67
are_02.m4a	00:00:00.72
ark.m4a	00:00:00.77
art.m4a	00:00:00.84
asa.m4a	00:00:00.68
ase_01.m4a	00:00:00.84
ase_02.m4a	00:00:00.79
at.m4a	00:00:00.81
ate.m4a	00:00:00.72
ave.m4a	00:00:00.74
awang.m4a	00:00:00.69
ax.m4a	00:00:00.74
ay.m4a	00:00:00.67
b.m4a	00:00:00.66
ba.m4a	00:00:00.66
bad.m4a	00:00:00.67
bah.m4a	00:00:00.39
baju.m4a	00:00:00.79
bak.m4a	00:00:00.40
bakal.m4a	00:00:00.78
bake.m4a	00:00:00.72
baku.m4a	00:00:00.77
bala.m4a	00:00:00.68
ban.m4a	00:00:00.66
bang.m4a	00:00:00.66
bangga.m4a	00:00:00.74
bangku.m4a	00:00:00.79
bangsai.m4a	00:00:00.81
bank.m4a	00:00:00.74
bap.m4a	00:00:00.67
bark.m4a	00:00:00.86
basi.m4a	00:00:00.77
bat.m4a	00:00:00.35
bata.m4a	00:00:00.71
batik.m4a	00:00:00.54
batu.m4a	00:00:00.76
batuk.m4a	00:00:00.54
bax.m4a	00:00:00.86
be.m4a	00:00:00.63
bed.m4a	00:00:00.70
beg.m4a	00:00:00.70
bekal.m4a	00:00:00.74
ben.m4a	00:00:00.61
bendang.m4a	00:00:00.74
bentang.m4a	00:00:00.84
bet.m4a	00:00:00.79
betik.m4a	00:00:00.52
bi.m4a	00:00:00.66
bice.m4a	00:00:00.88
bif.m4a	00:00:00.74
big.m4a	00:00:00.63
bin.m4a	00:00:00.63
bine.m4a	00:00:00.79
bing.m4a	00:00:00.70
bit.m4a	00:00:00.79
bite.m4a	00:00:00.86
bl.m4a	00:00:00.58
black.m4a	00:00:00.91
blip.m4a	00:00:00.93
blot.m4a	00:00:00.93
blouse.m4a	00:00:00.93
blow.m4a	00:00:00.77
bo.m4a	00:00:00.63
boil.m4a	00:00:00.77
bole.m4a	00:00:00.77
bone.m4a	00:00:00.77
boom.m4a	00:00:00.79
born.m4a	00:00:00.81
bu.m4a	00:00:00.65
budi.m4a	00:00:00.68
bue.m4a	00:00:00.79
bug.m4a	00:00:00.67
buku.m4a	00:00:00.76
bul.m4a	00:00:00.66
bun.m4a	00:00:00.65
bur.m4a	00:00:00.59
bus.m4a	00:00:00.86
buta.m4a	00:00:00.72
bute.m4a	00:00:00.88
cake.m4a	00:00:00.79
can.m4a	00:00:00.72
cane.m4a	00:00:00.72
cap.m4a	00:00:00.74
cat.m4a	00:00:00.81
cave.m4a	00:00:00.86
ch.m4a	00:00:00.39
chad.m4a	00:00:00.81
chain.m4a	00:00:00.81
chair.m4a	00:00:00.79
chank.m4a	00:00:00.84
chap.m4a	00:00:00.84
chart.m4a	00:00:00.91
cheese.m4a	00:00:00.95
chet.m4a	00:00:00.81
chid.m4a	00:00:00.72
chip.m4a	00:00:00.84
chop.m4a	00:00:00.81
chug.m4a	00:00:00.70
chut.m4a	00:00:00.77
ck.m4a	00:00:00.37
clean.m4a	00:00:00.79
cold.m4a	00:00:00.86
corn.m4a	00:00:00.77
cr.m4a	00:00:00.72
cut.m4a	00:00:00.84
cute.m4a	00:00:00.81
d.m4a	00:00:00.76
da.m4a	00:00:00.66
dad.m4a	00:00:00.77
dam.m4a	00:00:00.81
damp.m4a	00:00:00.84
dan.m4a	00:00:00.77
dane.m4a	00:00:00.74
dang.m4a	00:00:00.67
dank.m4a	00:00:00.98
dap.m4a	00:00:00.35
dark.m4a	00:00:01.07
dat.m4a	00:00:00.41
datuk.m4a	00:00:00.57
day.m4a	00:00:00.74
de.m4a	00:00:00.70
dean.m4a	00:00:00.79
di.m4a	00:00:00.69
did.m4a	00:00:00.70
dip.m4a	00:00:00.79
dirty.m4a	00:00:00.81
dog.m4a	00:00:00.70
doom.m4a	00:00:00.74
dop.m4a	00:00:00.79
dot.m4a	00:00:00.88
down.m4a	00:00:00.88
dr.m4a	00:00:00.58
du.m4a	00:00:00.72
duck.m4a	00:00:00.79
dug.m4a	00:00:00.79
e.m4a	00:00:00.60
ea_01.m4a	00:00:00.65
ea_02.m4a	00:00:00.77
ean.m4a	00:00:00.67
eat.m4a	00:00:00.77
ed.m4a	00:00:00.63
eese.m4a	00:00:00.86
eg.m4a	00:00:00.60
ela.m4a	00:00:00.59
empty.m4a	00:00:00.86
en.m4a	00:00:00.60
enak.m4a	00:00:00.43
era.m4a	00:00:00.61
esa.m4a	00:00:00.66
et.m4a	00:00:00.65
face.m4a	00:00:00.95
fake.m4a	00:00:00.91
fam.m4a	00:00:00.84
fan.m4a	00:00:00.81
fane.m4a	00:00:00.88
fank.m4a	00:00:00.93
fase.m4a	00:00:00.98
fat.m4a	00:00:00.88
fet.m4a	00:00:00.88
fid.m4a	00:00:00.86
fike.m4a	00:00:00.91
fin.m4a	00:00:00.84
fine.m4a	00:00:00.88
fire.m4a	00:00:00.86
five.m4a	00:00:00.91
fix.m4a	00:00:00.95
fl.m4a	00:00:00.65
fog.m4a	00:00:00.84
fox.m4a	00:00:01.07
fr.m4a	00:00:00.63
fug.m4a	00:00:00.77
full.m4a	00:00:00.79
fume.m4a	00:00:00.91
fun.m4a	00:00:00.74
g.m4a	00:00:00.78
ga.m4a	00:00:00.61
gain.m4a	00:00:00.74
gank.m4a	00:00:00.86
gap.m4a	00:00:00.77
gape.m4a	00:00:00.79
ge.m4a	00:00:00.62
geese.m4a	00:00:00.86
gelap.m4a	00:00:00.54
gelar.m4a	00:00:00.65
gerak.m4a	00:00:00.50
geram.m4a	00:00:00.72
gi.m4a	00:00:00.67
gig.m4a	00:00:00.77
go.m4a	00:00:00.68
gr.m4a	00:00:00.51
gu.m4a	00:00:00.68
gula.m4a	00:00:00.73
guru.m4a	00:00:00.68
gusi.m4a	00:00:00.81
h.m4a	00:00:00.50
ha.m4a	00:00:00.56
hack.m4a	00:00:00.77
hale.m4a	00:00:00.70
hall.m4a	00:00:00.74
ham.m4a	00:00:00.57
hamba.m4a	00:00:00.65
hampa.m4a	00:00:00.70
hampah.m4a	00:00:00.55
hampar.m4a	00:00:00.65
hat.m4a	00:00:00.77
hate.m4a	00:00:00.81
hay.m4a	00:00:00.77
he.m4a	00:00:00.55
heat.m4a	00:00:00.84
hen.m4a	00:00:00.65
hide.m4a	00:00:00.81
hint.m4a	00:00:00.81
hip.m4a	00:00:00.86
hit.m4a	00:00:00.77
hite.m4a	00:00:00.88
hiz.m4a	00:00:00.81
ho.m4a	00:00:00.58
hoil.m4a	00:00:00.74
hole.m4a	00:00:00.79
home.m4a	00:00:00.81
hop.m4a	00:00:00.81
hope.m4a	00:00:00.91
hose.m4a	00:00:00.93
hot.m4a	00:00:00.81
house.m4a	00:00:01.00
hu.m4a	00:00:00.58
hug.m4a	00:00:00.67
hut.m4a	00:00:00.79
i.m4a	00:00:00.51
ibu.m4a	00:00:00.61
ice.m4a	00:00:00.84
ick.m4a	00:00:00.67
id.m4a	00:00:00.63
ide.m4a	00:00:00.77
ie.m4a	00:00:00.70
ig.m4a	00:00:00.60
ikan.m4a	00:00:00.70
ike.m4a	00:00:00.74
ile.m4a	00:00:00.84
ill.m4a	00:00:00.70
iman.m4a	00:00:00.64
ime.m4a	00:00:00.81
in.m4a	00:00:00.65
ine.m4a	00:00:00.72
ing.m4a	00:00:00.67
ink.m4a	00:00:00.67
int.m4a	00:00:00.74
ip.m4a	00:00:00.72
ipe.m4a	00:00:00.72
ire.m4a	00:00:00.81
iri.m4a	00:00:00.61
irt.m4a	00:00:00.77
it.m4a	00:00:00.65
ite.m4a	00:00:00.72
ive.m4a	00:00:00.81
ix.m4a	00:00:00.86
j.m4a	00:00:00.75
ja.m4a	00:00:00.65
jalar.m4a	00:00:00.67
jam.m4a	00:00:00.67
jamban.m4a	00:00:00.82
jambul.m4a	00:00:00.78
jarak.m4a	00:00:00.56
jate.m4a	00:00:00.91
je.m4a	00:00:00.66
jean.m4a	00:00:00.88
jet.m4a	00:00:00.86
jip.m4a	00:00:00.79
jo.m4a	00:00:00.66
jog.m4a	00:00:00.74
ju.m4a	00:00:00.69
jub.m4a	00:00:00.72
jube.m4a	00:00:00.77
jug.m4a	00:00:00.67
jum.m4a	00:00:00.81
just.m4a	00:00:00.88
k.m4a	00:00:00.62
ka.m4a	00:00:00.54
kaki.m4a	00:00:00.66
kal.m4a	00:00:00.52
kala.m4a	00:00:00.60
kale.m4a	00:00:00.79
kali.m4a	00:00:00.61
kam.m4a	00:00:00.55
kambing.m4a	00:00:00.72
kan.m4a	00:00:00.52
kanda.m4a	00:00:00.66
kanta.m4a	00:00:00.70
kat.m4a	00:00:00.35
kata.m4a	00:00:00.62
kayu.m4a	00:00:00.66
ki.m4a	00:00:00.56
kid.m4a	00:00:00.67
kit.m4a	00:00:00.74
kite.m4a	00:00:00.81
ko.m4a	00:00:00.54
kole.m4a	00:00:00.72
ku.m4a	00:00:00.54
kuda.m4a	00:00:00.62
kudap.m4a	00:00:00.45
kutuk.m4a	00:00:00.47
l.m4a	00:00:00.53
la.m4a	00:00:00.62
lada.m4a	00:00:00.67
lah.m4a	00:00:00.36
laju.m4a	00:00:00.75
lake.m4a	00:00:00.81
laku.m4a	00:00:00.73
lali.m4a	00:00:00.69
lam.m4a	00:00:00.60
lama.m4a	00:00:00.68
lambak.m4a	00:00:00.53
lambat.m4a	00:00:00.55
lamp.m4a	00:00:00.86
lap.m4a	00:00:00.36
lape.m4a	00:00:00.81
lar.m4a	00:00:00.53
lari.m4a	00:00:00.65
lasi.m4a	00:00:00.74
lat.m4a	00:00:00.34
late.m4a	00:00:00.84
lax.m4a	00:00:00.88
le.m4a	00:00:00.59
lean.m4a	00:00:00.79
leg.m4a	00:00:00.77
lekat.m4a	00:00:00.56
lem.m4a	00:00:00.62
lemak.m4a	00:00:00.49
lembah.m4a	00:00:00.57
lembing.m4a	00:00:00.81
lembur.m4a	00:00:00.74
len.m4a	00:00:00.61
lentang.m4a	00:00:00.80
lepak.m4a	00:00:00.54
let.m4a	00:00:00.77
letup.m4a	00:00:00.49
li.m4a	00:00:00.61
lice.m4a	00:00:00.88
like.m4a	00:00:00.84
lip.m4a	00:00:00.79
lit.m4a	00:00:00.84
lo.m4a	00:00:00.60
log.m4a	00:00:00.77
lop.m4a	00:00:00.77
lope.m4a	00:00:00.88
lorn.m4a	00:00:00.74
lot.m4a	00:00:00.84
lu.m4a	00:00:00.63
lue.m4a	00:00:00.77
lung.m4a	00:00:00.59
lut.m4a	00:00:00.91
lute.m4a	00:00:00.88
m.m4a	00:00:00.57
ma.m4a	00:00:00.62
mad.m4a	00:00:00.81
made.m4a	00:00:00.81
mail.m4a	00:00:00.81
maju.m4a	00:00:00.75
mak.m4a	00:00:00.39
make.m4a	00:00:00.84
male.m4a	00:00:00.81
mall.m4a	00:00:00.79
mama.m4a	00:00:00.63
man.m4a	00:00:00.62
mana.m4a	00:00:00.62
map.m4a	00:00:00.81
mape.m4a	00:00:00.86
mari.m4a	00:00:00.60
mase.m4a	00:00:00.95
mat.m4a	00:00:00.39
mata.m4a	00:00:00.66
max.m4a	00:00:00.88
mean.m4a	00:00:00.79
meat.m4a	00:00:00.88
men.m4a	00:00:00.86
met.m4a	00:00:00.84
mi.m4a	00:00:00.62
mice.m4a	00:00:00.91
mid.m4a	00:00:00.72
mike.m4a	00:00:00.84
mile.m4a	00:00:00.86
mime.m4a	00:00:00.79
min.m4a	00:00:00.64
minda.m4a	00:00:00.71
mint.m4a	00:00:00.79
minta.m4a	00:00:00.73
mom.m4a	00:00:00.74
mop.m4a	00:00:00.90
mope.m4a	00:00:00.86
mot.m4a	00:00:00.86
mu.m4a	00:00:00.61
mud.m4a	00:00:00.79
muda.m4a	00:00:00.68
mue.m4a	00:00:00.79
mug.m4a	00:00:00.81
mule.m4a	00:00:00.86
must.m4a	00:00:00.88
n.m4a	00:00:00.56
na.m4a	00:00:00.61
nada.m4a	00:00:00.66
nag.m4a	00:00:00.84
nak.m4a	00:00:00.38
nake.m4a	00:00:00.86
nama.m4a	00:00:00.66
nap.m4a	00:00:00.81
nasi.m4a	00:00:00.78
nate.m4a	00:00:00.84
ne.m4a	00:00:00.67
net.m4a	00:00:00.79
ni.m4a	00:00:00.59
night.m4a	00:00:00.86
nin.m4a	00:00:00.70
nip.m4a	00:00:00.77
not.m4a	00:00:00.84
nu.m4a	00:00:00.62
nub.m4a	00:00:00.81
nube.m4a	00:00:00.84
nug.m4a	00:00:00.79
num.m4a	00:00:00.74
nut.m4a	00:00:00.91
o.m4a	00:00:00.55
oa.m4a	00:00:00.63
og.m4a	00:00:00.65
oi.m4a	00:00:00.58
oil.m4a	00:00:00.70
olah.m4a	00:00:00.42
ole.m4a	00:00:00.74
om.m4a	00:00:00.67
ome.m4a	00:00:00.79
onak.m4a	00:00:00.45
one.m4a	00:00:00.79
ong.m4a	00:00:00.70
ool.m4a	00:00:00.70
oom.m4a	00:00:00.72
op.m4a	00:00:00.65
ope.m4a	00:00:00.65
orn.m4a	00:00:00.70
ort.m4a	00:00:00.84
ose.m4a	00:00:00.79
ot.m4a	00:00:00.67
ou.m4a	00:00:00.77
ouse.m4a	00:00:00.84
ow_01.m4a	00:00:00.70
ow_02.m4a	00:00:00.72
own.m4a	00:00:00.74
ox.m4a	00:00:00.84
p.m4a	00:00:00.58
pa.m4a	00:00:00.52
pada.m4a	00:00:00.63
page.m4a	00:00:00.86
pah.m4a	00:00:00.28
pai.m4a	00:00:00.51
pak.m4a	00:00:00.29
pale.m4a	00:00:00.74
pan.m4a	00:00:00.53
panda.m4a	00:00:00.67
pandu.m4a	00:00:00.65
pane.m4a	00:00:00.72
par.m4a	00:00:00.47
pate.m4a	00:00:00.77
pe.m4a	00:00:00.51
pea.m4a	00:00:00.65
peg.m4a	00:00:00.67
pen.m4a	00:00:00.67
pet.m4a	00:00:00.84
pi.m4a	00:00:00.51
pide.m4a	00:00:00.79
pie.m4a	00:00:00.67
pig.m4a	00:00:00.65
pile.m4a	00:00:00.79
pin.m4a	00:00:00.54
pinda.m4a	00:00:00.68
pine.m4a	00:00:00.77
pinta.m4a	00:00:00.68
pip.m4a	00:00:00.70
pl.m4a	00:00:00.67
play.m4a	00:00:00.72
plum.m4a	00:00:00.74
po.m4a	00:00:00.54
pool.m4a	00:00:00.77
pop.m4a	00:00:00.72
pot.m4a	00:00:00.74
pr.m4a	00:00:00.74
pray.m4a	00:00:00.70
problem_clear.m4a	00:00:02.28
prum.m4a	00:00:00.74
pu.m4a	00:00:00.49
pum.m4a	00:00:00.70
ra.m4a	00:00:00.59
rail.m4a	00:00:00.81
rak.m4a	00:00:00.35
rake.m4a	00:00:00.84
ram.m4a	00:00:00.61
rama.m4a	00:00:00.65
ran.m4a	00:00:00.81
rang.m4a	00:00:00.59
rangga.m4a	00:00:00.70
rangka.m4a	00:00:00.73
rangsang.m4a	00:00:00.80
rat.m4a	00:00:00.86
rata.m4a	00:00:00.69
ren.m4a	00:00:00.58
rendang.m4a	00:00:00.76
ri.m4a	00:00:00.60
rice.m4a	00:00:00.91
rid.m4a	00:00:00.84
ride.m4a	00:00:01.09
rime.m4a	00:00:00.81
ring.m4a	00:00:00.65
rink.m4a	00:00:00.79
ripe.m4a	00:00:00.91
rop.m4a	00:00:00.88
rope.m4a	00:00:00.91
rot.m4a	00:00:00.86
ru.m4a	00:00:00.60
rub.m4a	00:00:00.77
rube.m4a	00:00:00.88
rug.m4a	00:00:00.77
run.m4a	00:00:00.77
rut.m4a	00:00:00.84
s.m4a	00:00:00.37
sa.m4a	00:00:00.64
sad.m4a	00:00:00.81
sai.m4a	00:00:00.80
saku.m4a	00:00:00.78
sale.m4a	00:00:00.81
sam.m4a	00:00:00.66
sama.m4a	00:00:00.68
sampah.m4a	00:00:00.63
sampai.m4a	00:00:00.82
san.m4a	00:00:00.84
sang.m4a	00:00:00.60
sank.m4a	00:00:00.88
sapu.m4a	00:00:00.80
sari.m4a	00:00:00.73
satu.m4a	00:00:00.80
se.m4a	00:00:00.64
sea.m4a	00:00:00.84
sekat.m4a	00:00:00.58
sem.m4a	00:00:00.61
semak.m4a	00:00:00.57
sembah.m4a	00:00:00.59
sembur.m4a	00:00:00.77
sepak.m4a	00:00:00.53
sh.m4a	00:00:00.44
shake.m4a	00:00:00.93
shank.m4a	00:00:00.95
shet.m4a	00:00:00.91
shid.m4a	00:00:00.74
shin.m4a	00:00:00.90
shine.m4a	00:00:00.84
ship.m4a	00:00:00.86
shirt.m4a	00:00:00.98
shop.m4a	00:00:00.86
short.m4a	00:00:00.95
shut.m4a	00:00:00.84
si.m4a	00:00:00.68
side.m4a	00:00:00.86
sip.m4a	00:00:00.86
sit.m4a	00:00:00.84
site.m4a	00:00:00.95
sl.m4a	00:00:00.81
slip.m4a	00:00:00.90
slot.m4a	00:00:00.93
slow.m4a	00:00:00.93
sm.m4a	00:00:00.91
sn.m4a	00:00:00.81
soil.m4a	00:00:00.84
sole.m4a	00:00:00.81
sp.m4a	00:00:00.65
spare.m4a	00:00:00.86
spill.m4a	00:00:00.88
st.m4a	00:00:00.60
stare.m4a	00:00:00.84
still.m4a	00:00:00.81
su.m4a	00:00:00.66
suck.m4a	00:00:00.93
sug.m4a	00:00:00.81
suku.m4a	00:00:00.76
sun.m4a	00:00:00.86
sung.m4a	00:00:00.64
t.m4a	00:00:00.60
ta.m4a	00:00:00.53
take.m4a	00:00:00.74
tali.m4a	00:00:00.61
tall.m4a	00:00:00.72
tam.m4a	00:00:00.50
tambak.m4a	00:00:00.48
tambat.m4a	00:00:00.49
tampah.m4a	00:00:00.50
tampar.m4a	00:00:00.63
tan.m4a	00:00:00.53
tanda.m4a	00:00:00.66
tang.m4a	00:00:00.51
tangga.m4a	00:00:00.65
tangki.m4a	00:00:00.70
tanglung.m4a	00:00:00.68
tank.m4a	00:00:00.67
tanpa.m4a	00:00:00.67
tap.m4a	00:00:00.77
tape.m4a	00:00:00.79
tari.m4a	00:00:00.57
tea.m4a	00:00:00.67
teat.m4a	00:00:00.77
tem.m4a	00:00:00.48
tempe.m4a	00:00:00.69
tempo.m4a	00:00:00.69
ten.m4a	00:00:00.70
th.m4a	00:00:00.72
th2.m4a	00:00:00.42
thick.m4a	00:00:00.74
thin.m4a	00:00:00.77
thing.m4a	00:00:00.79
ti.m4a	00:00:00.56
tide.m4a	00:00:00.79
tie.m4a	00:00:00.67
tig.m4a	00:00:00.70
tik.m4a	00:00:00.32
tile.m4a	00:00:00.77
tim.m4a	00:00:00.57
timba.m4a	00:00:00.63
timpa.m4a	00:00:00.67
tin.m4a	00:00:00.63
tint.m4a	00:00:00.74
tip.m4a	00:00:00.70
tire.m4a	00:00:00.74
tool.m4a	00:00:00.67
top.m4a	00:00:00.74
tope.m4a	00:00:00.74
tot.m4a	00:00:00.72
town.m4a	00:00:00.70
tr.m4a	00:00:00.70
tu.m4a	00:00:00.50
tub.m4a	00:00:00.65
tube.m4a	00:00:00.84
tuck.m4a	00:00:00.70
tug.m4a	00:00:00.67
tuk.m4a	00:00:00.27
tup.m4a	00:00:00.26
tut.m4a	00:00:00.70
tute.m4a	00:00:00.74
u.m4a	00:00:00.72
ub.m4a	00:00:00.63
ubat.m4a	00:00:00.46
ube.m4a	00:00:00.81
ubi.m4a	00:00:00.64
uck.m4a	00:00:00.72
ud.m4a	00:00:00.65
uda.m4a	00:00:00.60
udang.m4a	00:00:00.66
ue.m4a	00:00:00.77
ug.m4a	00:00:00.65
ulam.m4a	00:00:00.62
ulat.m4a	00:00:00.42
ule.m4a	00:00:00.84
uli.m4a	00:00:00.59
ulu.m4a	00:00:00.63
ulung.m4a	00:00:00.59
um.m4a	00:00:00.72
umat.m4a	00:00:00.41
ume.m4a	00:00:00.79
un.m4a	00:00:00.70
us.m4a	00:00:00.77
usang.m4a	00:00:00.69
ust.m4a	00:00:00.81
usung.m4a	00:00:00.66
ut.m4a	00:00:00.67
ute.m4a	00:00:00.86
vase.m4a	00:00:00.91
vet.m4a	00:00:00.81
vike.m4a	00:00:00.88
wah.m4a	00:00:00.77
wake.m4a	00:00:00.84
wang.m4a	00:00:00.59
wave.m4a	00:00:00.84
way.m4a	00:00:00.70
wet.m4a	00:00:00.84
wh.m4a	00:00:00.53
wide.m4a	00:00:00.84
wig.m4a	00:00:00.74
win.m4a	00:00:00.79
wine.m4a	00:00:00.88
wing.m4a	00:00:00.72
wink.m4a	00:00:00.79
wit.m4a	00:00:00.79
wite.m4a	00:00:00.86
yu.m4a	00:00:00.68
