0.m4a	00:00:01.18
1.m4a	00:00:01.20
10.m4a	00:00:01.15
100.m4a	00:00:01.27
11.m4a	00:00:01.25
12.m4a	00:00:01.30
13.m4a	00:00:01.32
14.m4a	00:00:01.30
15.m4a	00:00:01.34
16.m4a	00:00:01.30
17.m4a	00:00:01.32
18.m4a	00:00:01.37
19.m4a	00:00:01.56
2.m4a	00:00:01.10
20.m4a	00:00:01.27
21.m4a	00:00:01.73
22.m4a	00:00:01.68
23.m4a	00:00:01.70
24.m4a	00:00:01.54
25.m4a	00:00:01.66
26.m4a	00:00:01.75
27.m4a	00:00:01.58
28.m4a	00:00:01.78
29.m4a	00:00:01.87
3.m4a	00:00:01.03
30.m4a	00:00:01.32
31.m4a	00:00:01.75
32.m4a	00:00:01.73
33.m4a	00:00:01.75
34.m4a	00:00:01.56
35.m4a	00:00:01.68
36.m4a	00:00:01.78
37.m4a	00:00:01.61
38.m4a	00:00:01.80
39.m4a	00:00:01.87
4.m4a	00:00:00.86
40.m4a	00:00:01.30
41.m4a	00:00:01.75
42.m4a	00:00:01.73
43.m4a	00:00:01.75
44.m4a	00:00:01.56
45.m4a	00:00:01.68
46.m4a	00:00:01.80
47.m4a	00:00:01.63
48.m4a	00:00:01.80
49.m4a	00:00:01.92
5.m4a	00:00:01.06
50.m4a	00:00:01.32
51.m4a	00:00:01.75
52.m4a	00:00:01.73
53.m4a	00:00:01.75
54.m4a	00:00:01.56
55.m4a	00:00:01.68
56.m4a	00:00:01.78
57.m4a	00:00:01.63
58.m4a	00:00:01.80
59.m4a	00:00:01.92
6.m4a	00:00:00.98
60.m4a	00:00:01.27
61.m4a	00:00:01.75
62.m4a	00:00:01.70
63.m4a	00:00:01.73
64.m4a	00:00:01.56
65.m4a	00:00:01.68
66.m4a	00:00:01.78
67.m4a	00:00:01.61
68.m4a	00:00:01.80
69.m4a	00:00:01.87
7.m4a	00:00:00.94
70.m4a	00:00:01.30
71.m4a	00:00:01.75
72.m4a	00:00:01.70
73.m4a	00:00:01.73
74.m4a	00:00:01.56
75.m4a	00:00:01.68
76.m4a	00:00:01.78
77.m4a	00:00:01.63
78.m4a	00:00:01.80
79.m4a	00:00:01.87
8.m4a	00:00:01.10
80.m4a	00:00:01.32
81.m4a	00:00:01.75
82.m4a	00:00:01.73
83.m4a	00:00:01.75
84.m4a	00:00:01.56
85.m4a	00:00:01.68
86.m4a	00:00:01.78
87.m4a	00:00:01.63
88.m4a	00:00:01.82
89.m4a	00:00:01.90
9.m4a	00:00:01.37
90.m4a	00:00:01.49
91.m4a	00:00:01.87
92.m4a	00:00:01.85
93.m4a	00:00:01.87
94.m4a	00:00:01.70
95.m4a	00:00:01.80
96.m4a	00:00:01.92
97.m4a	00:00:01.75
98.m4a	00:00:01.92
99.m4a	00:00:02.04
c_000.m4a	00:00:00.79
c_001.m4a	00:00:00.70
c_002.m4a	00:00:00.56
c_003.m4a	00:00:00.74
c_004.m4a	00:00:00.81
c_005.m4a	00:00:00.88
c_006.m4a	00:00:00.98
c_007.m4a	00:00:00.77
c_008.m4a	00:00:00.53
c_009.m4a	00:00:00.72
c_010.m4a	00:00:00.58
c_011.m4a	00:00:00.74
c_012.m4a	00:00:01.04
c_013.m4a	00:00:01.02
c_014.m4a	00:00:01.11
c_015.m4a	00:00:01.14
c_016.m4a	00:00:01.18
c_017.m4a	00:00:01.14
c_018.m4a	00:00:01.02
c_019.m4a	00:00:01.14
c_020.m4a	00:00:00.65
c_021.m4a	00:00:01.11
c_022.m4a	00:00:01.07
c_023.m4a	00:00:01.00
c_024.m4a	00:00:01.09
c_025.m4a	00:00:01.21
c_026.m4a	00:00:01.25
c_027.m4a	00:00:01.09
c_028.m4a	00:00:01.21
c_029.m4a	00:00:01.23
c_030.m4a	00:00:00.63
c_031.m4a	00:00:01.04
c_032.m4a	00:00:01.00
c_033.m4a	00:00:00.86
c_034.m4a	00:00:01.00
c_035.m4a	00:00:01.16
c_036.m4a	00:00:01.35
c_037.m4a	00:00:01.07
c_038.m4a	00:00:01.09
c_039.m4a	00:00:01.21
c_040.m4a	00:00:00.72
c_041.m4a	00:00:01.07
c_042.m4a	00:00:01.04
c_043.m4a	00:00:01.18
c_044.m4a	00:00:01.14
c_045.m4a	00:00:01.23
c_046.m4a	00:00:01.14
c_047.m4a	00:00:01.14
c_048.m4a	00:00:01.11
c_049.m4a	00:00:01.21
c_050.m4a	00:00:00.84
c_051.m4a	00:00:01.09
c_052.m4a	00:00:01.11
c_053.m4a	00:00:01.09
c_054.m4a	00:00:01.23
c_055.m4a	00:00:01.09
c_056.m4a	00:00:01.39
c_057.m4a	00:00:01.09
c_058.m4a	00:00:01.14
c_059.m4a	00:00:01.28
c_060.m4a	00:00:00.91
c_061.m4a	00:00:01.11
c_062.m4a	00:00:01.14
c_063.m4a	00:00:01.09
c_064.m4a	00:00:01.04
c_065.m4a	00:00:01.23
c_066.m4a	00:00:01.30
c_067.m4a	00:00:01.14
c_068.m4a	00:00:01.11
c_069.m4a	00:00:01.09
c_070.m4a	00:00:00.88
c_071.m4a	00:00:01.21
c_072.m4a	00:00:01.14
c_073.m4a	00:00:01.02
c_074.m4a	00:00:01.07
c_075.m4a	00:00:01.32
c_076.m4a	00:00:01.39
c_077.m4a	00:00:01.18
c_078.m4a	00:00:01.23
c_079.m4a	00:00:01.21
c_080.m4a	00:00:00.60
c_081.m4a	00:00:00.86
c_082.m4a	00:00:00.88
c_083.m4a	00:00:00.95
c_084.m4a	00:00:00.98
c_085.m4a	00:00:01.04
c_086.m4a	00:00:01.11
c_087.m4a	00:00:00.86
c_088.m4a	00:00:00.86
c_089.m4a	00:00:00.98
c_090.m4a	00:00:00.86
c_091.m4a	00:00:01.14
c_092.m4a	00:00:01.04
c_093.m4a	00:00:00.98
c_094.m4a	00:00:01.00
c_095.m4a	00:00:01.09
c_096.m4a	00:00:01.35
c_097.m4a	00:00:01.04
c_098.m4a	00:00:01.07
c_099.m4a	00:00:01.16
c_100.m4a	00:00:00.81
dan.m4a	00:00:01.01
