title,Huruf C,c.m4a,book_en_c.jpg,square,audio,
page,1,cawan.png,wordwrap,
paragraph
sentence,cawan.m4a,0,
word,0,1.176,cawan,cawan.m4a,
page,2,cili.png,wordwrap,
paragraph
sentence,cili.m4a,0,
word,0,1.056,cili,cili.m4a,
page,3,cicak.png,wordwrap,
paragraph
sentence,cicak.m4a,0,
word,0,0.912,cicak,cicak.m4a,
page,4,ciku.png,wordwrap,
paragraph
sentence,ciku.m4a,0,
word,0,1.128,ciku,ciku.m4a,
page,5,cat.png,wordwrap,
paragraph
sentence,cat.m4a,0,
word,0,0.744,cat,cat.m4a,
page,6,cacing.png,wordwrap,
paragraph
sentence,cacing.m4a,0,
word,0,1.128,cacing,cacing.m4a,
