abang.m4a	00:00:00.85
ada.m4a	00:00:00.78
akar.m4a	00:00:00.85
aki.m4a	00:00:00.90
aku.m4a	00:00:00.83
ala.m4a	00:00:00.78
api.m4a	00:00:00.85
apung.m4a	00:00:00.88
arang.m4a	00:00:00.83
asap.m4a	00:00:00.73
awan.m4a	00:00:00.93
awang.m4a	00:00:00.88
baju.m4a	00:00:01.00
bakat.m4a	00:00:00.76
banding.m4a	00:00:01.00
bangga.m4a	00:00:00.96
bangku.m4a	00:00:01.02
bangsawan.m4a	00:00:01.29
bangun.m4a	00:00:00.95
bank.m4a	00:00:00.67
bantal.m4a	00:00:01.07
batu.m4a	00:00:00.98
belakang.m4a	00:00:01.15
belalang.m4a	00:00:01.10
belangkas.m4a	00:00:01.10
belimbing.m4a	00:00:01.12
bendang.m4a	00:00:00.98
bengkok.m4a	00:00:00.81
binatang.m4a	00:00:01.15
bingka.m4a	00:00:01.03
bola.m4a	00:00:00.93
bomba.m4a	00:00:00.93
bos.m4a	00:00:00.64
budaya.m4a	00:00:01.07
buih.m4a	00:00:00.74
buku.m4a	00:00:00.98
bung.m4a	00:00:00.82
bunga.m4a	00:00:00.91
burung.m4a	00:00:00.95
cangkul.m4a	00:00:00.95
cengkaman.m4a	00:00:01.14
cengkerik.m4a	00:00:00.83
cerek.m4a	00:00:00.62
coklat.m4a	00:00:00.75
daun.m4a	00:00:00.93
ekor.m4a	00:00:00.79
enam.m4a	00:00:00.82
gegendang.m4a	00:00:01.22
gelongsor.m4a	00:00:01.20
gendang.m4a	00:00:01.03
geng.m4a	00:00:00.87
gerai.m4a	00:00:01.00
gincu.m4a	00:00:01.10
gong.m4a	00:00:00.83
gula.m4a	00:00:00.96
gunting.m4a	00:00:01.01
gunung.m4a	00:00:00.98
hantaran.m4a	00:00:01.10
helang.m4a	00:00:00.86
hoki.m4a	00:00:00.94
hospital.m4a	00:00:01.18
ibu.m4a	00:00:00.81
ikan.m4a	00:00:00.92
inang.m4a	00:00:00.80
ini.m4a	00:00:00.80
itik.m4a	00:00:00.68
itu.m4a	00:00:00.82
jamban.m4a	00:00:01.07
jambu.m4a	00:00:00.98
janji.m4a	00:00:01.05
jantung.m4a	00:00:01.10
jem.m4a	00:00:00.92
jentolak.m4a	00:00:01.05
jet.m4a	00:00:00.54
jus.m4a	00:00:00.73
kad.m4a	00:00:00.49
kakak.m4a	00:00:00.68
kaki.m4a	00:00:00.87
kaktus.m4a	00:00:00.86
kamera.m4a	00:00:00.92
kampung.m4a	00:00:00.92
kandung.m4a	00:00:00.90
kangkung.m4a	00:00:00.94
karipap.m4a	00:00:00.80
kaum.m4a	00:00:00.82
kedondong.m4a	00:00:01.11
kelabang.m4a	00:00:00.96
kelalang.m4a	00:00:00.96
kelapa.m4a	00:00:00.94
kelawar.m4a	00:00:00.99
keldai.m4a	00:00:00.94
kentang.m4a	00:00:00.94
keramat.m4a	00:00:00.80
kereta.m4a	00:00:00.95
keriting.m4a	00:00:01.05
kerusi.m4a	00:00:01.01
ketuhar.m4a	00:00:00.95
ketupat.m4a	00:00:00.85
kilang.m4a	00:00:00.90
kiub.m4a	00:00:00.59
komputer.m4a	00:00:01.05
kongsi.m4a	00:00:00.96
kuda.m4a	00:00:00.82
kuih.m4a	00:00:00.65
kuku.m4a	00:00:00.88
kung.m4a	00:00:00.72
kunyit.m4a	00:00:00.67
kurung.m4a	00:00:00.84
labu.m4a	00:00:00.93
laici.m4a	00:00:01.02
lampin.m4a	00:00:01.05
langsat.m4a	00:00:00.81
langsir.m4a	00:00:01.00
langsung.m4a	00:00:01.03
lauk.m4a	00:00:00.64
laut.m4a	00:00:00.67
lelaki.m4a	00:00:01.07
lelayang.m4a	00:00:01.15
lembing.m4a	00:00:01.02
lengan.m4a	00:00:00.95
lif.m4a	00:00:00.57
lingkaran.m4a	00:00:01.20
loceng.m4a	00:00:00.95
longan.m4a	00:00:00.95
longkang.m4a	00:00:01.05
mangga.m4a	00:00:00.96
manja.m4a	00:00:00.96
mata.m4a	00:00:00.88
mekanik.m4a	00:00:00.86
melanggar.m4a	00:00:01.07
menendang.m4a	00:00:01.07
merangkak.m4a	00:00:00.95
minyak.m4a	00:00:00.74
monyet.m4a	00:00:00.79
nanas.m4a	00:00:00.86
nangka.m4a	00:00:00.98
nganga.m4a	00:00:00.88
ngeri.m4a	00:00:00.86
nyamuk.m4a	00:00:00.74
nyanyi.m4a	00:00:00.96
nyata.m4a	00:00:00.93
orang.m4a	00:00:00.79
otak.m4a	00:00:00.67
padi.m4a	00:00:00.81
panda.m4a	00:00:00.88
panggang.m4a	00:00:00.95
panggung.m4a	00:00:00.91
pangkalan.m4a	00:00:01.10
pantai.m4a	00:00:00.93
paus.m4a	00:00:00.76
pelampung.m4a	00:00:01.08
pelancong.m4a	00:00:01.06
pembaris.m4a	00:00:00.98
pembetung.m4a	00:00:01.05
pembilang.m4a	00:00:01.05
pemborong.m4a	00:00:01.08
pencawang.m4a	00:00:01.10
pendapat.m4a	00:00:00.89
pendatang.m4a	00:00:01.10
pendayung.m4a	00:00:01.10
pendorong.m4a	00:00:01.08
pendukung.m4a	00:00:01.05
pengat.m4a	00:00:00.63
penimbang.m4a	00:00:01.08
penjaring.m4a	00:00:01.06
pensel.m4a	00:00:01.00
penumpang.m4a	00:00:01.06
penyu.m4a	00:00:00.86
pepatung.m4a	00:00:01.03
perangkap.m4a	00:00:00.79
perigi.m4a	00:00:00.99
peringkat.m4a	00:00:00.84
petai.m4a	00:00:00.82
petani.m4a	00:00:00.93
pikat.m4a	00:00:00.64
pinang.m4a	00:00:00.84
pinggang.m4a	00:00:00.91
pingpong.m4a	00:00:00.96
pintu.m4a	00:00:00.89
piza.m4a	00:00:00.84
puak.m4a	00:00:00.59
pulau.m4a	00:00:00.82
punggung.m4a	00:00:00.89
raket.m4a	00:00:00.73
rakit.m4a	00:00:00.76
rambutan.m4a	00:00:01.19
rangka.m4a	00:00:00.95
rantai.m4a	00:00:01.02
ratu.m4a	00:00:00.95
rendang.m4a	00:00:01.00
rim.m4a	00:00:00.80
ringkas.m4a	00:00:00.94
ringkasan.m4a	00:00:01.21
roket.m4a	00:00:00.78
roti.m4a	00:00:00.95
sambutan.m4a	00:00:01.20
sampai.m4a	00:00:01.05
sampan.m4a	00:00:01.08
sang.m4a	00:00:00.81
sangka.m4a	00:00:01.00
sangkar.m4a	00:00:00.98
sapu.m4a	00:00:01.03
sawi.m4a	00:00:00.98
sekat.m4a	00:00:00.79
sekolah.m4a	00:00:00.96
selendang.m4a	00:00:01.11
selonggok.m4a	00:00:01.03
semalam.m4a	00:00:01.05
sempadan.m4a	00:00:01.29
sempat.m4a	00:00:00.86
senaman.m4a	00:00:01.11
senja.m4a	00:00:01.07
sepatu.m4a	00:00:01.12
serai.m4a	00:00:00.96
seruling.m4a	00:00:01.12
serunding.m4a	00:00:01.19
setinggan.m4a	00:00:01.25
singa.m4a	00:00:00.96
singki.m4a	00:00:01.02
songkok.m4a	00:00:00.93
sos.m4a	00:00:00.69
sudu.m4a	00:00:00.96
suis.m4a	00:00:00.75
sulung.m4a	00:00:00.93
sunyi.m4a	00:00:01.02
sup.m4a	00:00:00.64
syair.m4a	00:00:00.89
syiling.m4a	00:00:00.96
tali.m4a	00:00:00.81
tanda.m4a	00:00:00.88
tandas.m4a	00:00:00.81
tangan.m4a	00:00:00.86
tangga.m4a	00:00:00.86
tangkap.m4a	00:00:00.69
tanglung.m4a	00:00:00.89
tauhu.m4a	00:00:00.92
tebu.m4a	00:00:00.84
teksi.m4a	00:00:00.88
telefon.m4a	00:00:01.07
tempat.m4a	00:00:00.69
tempayan.m4a	00:00:01.09
tempurung.m4a	00:00:01.05
tenggelam.m4a	00:00:01.05
tengkolok.m4a	00:00:00.86
tengkorak.m4a	00:00:00.81
terowong.m4a	00:00:01.00
terung.m4a	00:00:00.81
tetingkap.m4a	00:00:00.88
tetingkat.m4a	00:00:00.88
tingkap.m4a	00:00:00.72
tingkatan.m4a	00:00:01.17
tiram.m4a	00:00:00.84
tomato.m4a	00:00:01.00
tong.m4a	00:00:00.75
tongkang.m4a	00:00:00.99
tongkat.m4a	00:00:00.76
topeng.m4a	00:00:00.84
ubat.m4a	00:00:00.67
ubi.m4a	00:00:00.84
udang.m4a	00:00:00.87
ulang.m4a	00:00:00.85
ular.m4a	00:00:00.72
uli.m4a	00:00:00.77
ungu.m4a	00:00:00.84
usang.m4a	00:00:00.89
usung.m4a	00:00:00.87
wang.m4a	00:00:00.76
yang.m4a	00:00:00.76
zink.m4a	00:00:00.76
zip.m4a	00:00:00.62
a.m4a	00:00:00.82
b.m4a	00:00:00.88
ba.m4a	00:00:00.88
ban.m4a	00:00:00.85
bang.m4a	00:00:00.84
bat.m4a	00:00:00.50
be.m4a	00:00:00.83
ben.m4a	00:00:00.81
beng.m4a	00:00:00.79
bi.m4a	00:00:00.88
bing.m4a	00:00:00.91
bo.m4a	00:00:00.83
bom.m4a	00:00:00.86
bu.m4a	00:00:00.86
c.m4a	00:00:01.00
ca.m4a	00:00:00.80
cang.m4a	00:00:00.74
ce.m4a	00:00:00.81
ceng.m4a	00:00:00.72
ci.m4a	00:00:00.81
cok.m4a	00:00:00.62
cong.m4a	00:00:00.81
cu.m4a	00:00:00.88
d.m4a	00:00:01.00
da.m4a	00:00:00.88
dai.m4a	00:00:00.86
dan.m4a	00:00:00.86
dang.m4a	00:00:00.89
das.m4a	00:00:00.65
di.m4a	00:00:00.91
ding.m4a	00:00:00.88
do.m4a	00:00:00.88
don.m4a	00:00:00.88
dong.m4a	00:00:00.86
du.m4a	00:00:00.96
dung.m4a	00:00:00.84
e.m4a	00:00:00.81
f.m4a	00:00:00.52
fon.m4a	00:00:00.76
g.m4a	00:00:01.02
ga.m4a	00:00:00.81
gan.m4a	00:00:00.83
gang.m4a	00:00:00.81
gar.m4a	00:00:00.74
ge.m4a	00:00:00.83
gen.m4a	00:00:00.92
gi.m4a	00:00:00.88
gin.m4a	00:00:00.88
gok.m4a	00:00:00.64
gu.m4a	00:00:00.91
gun.m4a	00:00:00.88
gung.m4a	00:00:00.86
h.m4a	00:00:00.70
han.m4a	00:00:00.76
har.m4a	00:00:00.69
he.m4a	00:00:00.85
ho.m4a	00:00:00.83
hos.m4a	00:00:00.60
hu.m4a	00:00:00.84
i.m4a	00:00:00.78
ir.m4a	00:00:00.94
j.m4a	00:00:00.97
ja.m4a	00:00:00.87
jam.m4a	00:00:00.90
jan.m4a	00:00:01.15
jen.m4a	00:00:00.88
ji.m4a	00:00:00.94
ju.m4a	00:00:00.90
k.m4a	00:00:00.84
ka.m4a	00:00:00.74
kak.m4a	00:00:00.49
kam.m4a	00:00:00.73
kan.m4a	00:00:00.70
kang.m4a	00:00:00.72
kap.m4a	00:00:00.44
kar.m4a	00:00:00.67
kas.m4a	00:00:00.60
kat.m4a	00:00:00.50
ke.m4a	00:00:00.69
kel.m4a	00:00:00.68
ken.m4a	00:00:00.73
ket.m4a	00:00:00.46
ki.m4a	00:00:00.74
kit.m4a	00:00:00.45
ko.m4a	00:00:00.74
kok.m4a	00:00:00.47
kom.m4a	00:00:00.77
kong.m4a	00:00:00.75
kor.m4a	00:00:00.66
ku.m4a	00:00:00.72
kul.m4a	00:00:00.74
l.m4a	00:00:00.74
la.m4a	00:00:00.83
lah.m4a	00:00:00.57
lai.m4a	00:00:00.81
lak.m4a	00:00:00.55
lam.m4a	00:00:00.79
lan.m4a	00:00:00.83
lang.m4a	00:00:00.81
lar.m4a	00:00:00.71
lat.m4a	00:00:00.50
lau.m4a	00:00:00.79
le.m4a	00:00:00.77
lem.m4a	00:00:00.81
len.m4a	00:00:00.81
li.m4a	00:00:00.81
lim.m4a	00:00:00.86
ling.m4a	00:00:00.81
lo.m4a	00:00:00.81
lok.m4a	00:00:00.55
long.m4a	00:00:00.81
lung.m4a	00:00:00.77
m.m4a	00:00:00.76
ma.m4a	00:00:00.81
man.m4a	00:00:00.81
mang.m4a	00:00:00.76
mat.m4a	00:00:00.55
me.m4a	00:00:00.85
mi.m4a	00:00:00.82
mo.m4a	00:00:00.79
muk.m4a	00:00:00.53
n.m4a	00:00:00.76
na.m4a	00:00:00.82
nam.m4a	00:00:00.79
nang.m4a	00:00:00.79
nas.m4a	00:00:00.67
nen.m4a	00:00:00.79
nga.m4a	00:00:00.84
ngan.m4a	00:00:00.77
ngat.m4a	00:00:00.53
nge.m4a	00:00:00.82
ngu.m4a	00:00:00.82
ngun.m4a	00:00:00.81
ni.m4a	00:00:00.78
nik.m4a	00:00:00.51
nim.m4a	00:00:00.82
num.m4a	00:00:00.79
nung.m4a	00:00:00.79
nya.m4a	00:00:00.79
nyak.m4a	00:00:00.57
nyet.m4a	00:00:00.50
nyi.m4a	00:00:00.86
nyit.m4a	00:00:00.57
nyu.m4a	00:00:00.81
o.m4a	00:00:00.73
p.m4a	00:00:00.80
pa.m4a	00:00:00.71
pai.m4a	00:00:00.69
pan.m4a	00:00:00.72
pang.m4a	00:00:00.67
pap.m4a	00:00:00.45
pat.m4a	00:00:00.43
pe.m4a	00:00:00.69
pem.m4a	00:00:00.67
pen.m4a	00:00:00.72
peng.m4a	00:00:00.74
pi.m4a	00:00:00.69
pin.m4a	00:00:00.72
ping.m4a	00:00:00.72
pong.m4a	00:00:00.67
pu.m4a	00:00:00.68
pung.m4a	00:00:00.66
q.m4a	00:00:00.87
r.m4a	00:00:00.78
ra.m4a	00:00:00.79
rai.m4a	00:00:00.84
rak.m4a	00:00:00.55
ram.m4a	00:00:00.78
ran.m4a	00:00:00.78
rang.m4a	00:00:00.78
re.m4a	00:00:00.69
rek.m4a	00:00:00.50
ren.m4a	00:00:00.75
ri.m4a	00:00:00.81
rik.m4a	00:00:00.54
ring.m4a	00:00:00.75
ris.m4a	00:00:00.59
ro.m4a	00:00:00.80
rong.m4a	00:00:00.78
ru.m4a	00:00:00.81
run.m4a	00:00:00.76
rung.m4a	00:00:00.75
s.m4a	00:00:00.50
sa.m4a	00:00:00.88
sam.m4a	00:00:00.91
san.m4a	00:00:00.84
sap.m4a	00:00:00.62
sat.m4a	00:00:00.60
se.m4a	00:00:00.86
sel.m4a	00:00:00.88
sem.m4a	00:00:00.83
sen.m4a	00:00:00.88
si.m4a	00:00:00.91
sing.m4a	00:00:00.85
sir.m4a	00:00:00.90
song.m4a	00:00:00.86
sor.m4a	00:00:00.80
su.m4a	00:00:00.87
sung.m4a	00:00:00.86
sya.m4a	00:00:00.86
syi.m4a	00:00:00.86
t.m4a	00:00:00.82
ta.m4a	00:00:00.75
tai.m4a	00:00:00.67
tak.m4a	00:00:00.40
tal.m4a	00:00:00.72
tan.m4a	00:00:00.72
tang.m4a	00:00:00.69
tau.m4a	00:00:00.70
te.m4a	00:00:00.72
tek.m4a	00:00:00.45
tem.m4a	00:00:00.66
teng.m4a	00:00:00.69
ter.m4a	00:00:00.68
ti.m4a	00:00:00.77
tik.m4a	00:00:00.48
ting.m4a	00:00:00.70
to.m4a	00:00:00.72
tu.m4a	00:00:00.69
tung.m4a	00:00:00.76
tus.m4a	00:00:00.50
u.m4a	00:00:00.95
v.m4a	00:00:00.88
w.m4a	00:00:01.13
wan.m4a	00:00:00.81
war.m4a	00:00:00.71
wi.m4a	00:00:00.79
wong.m4a	00:00:00.81
x.m4a	00:00:00.60
y.m4a	00:00:00.83
ya.m4a	00:00:00.73
yan.m4a	00:00:00.81
yung.m4a	00:00:00.79
z.m4a	00:00:00.59
za.m4a	00:00:00.88
