title,Huruf F,f.m4a,book_en_f.jpg,square,audio,
page,1,farmasi.png,wordwrap,
paragraph
sentence,farmasi.m4a,0,
word,0,1.368,farmasi,farmasi.m4a,
page,2,feri.png,wordwrap,
paragraph
sentence,feri.m4a,0,
word,0,1.032,feri,feri.m4a,
page,3,foto.png,wordwrap,
paragraph
sentence,foto.m4a,0,
word,0,1.152,foto,foto.m4a,
page,4,fail.png,wordwrap,
paragraph
sentence,fail.m4a,0,
word,0,1.056,fail,fail.m4a,
page,5,filem.png,wordwrap,
paragraph
sentence,filem.m4a,0,
word,0,1.128,filem,filem.m4a,
page,6,fosil.png,wordwrap,
paragraph
sentence,fosil.m4a,0,
word,0,1.128,fosil,fosil.m4a,
