title,Haiwan Malam,book_en_410_page_0_1.m4a,book_en_410_page_0,portrait,audio,
page,1,book_en_410_page_1,wordwrap,
paragraph
sentence,book_en_410_page_1_1.m4a,0,
word,0,7.368,"Pada waktu malam, semua haiwan sedang tidur. Langit tidak berawan dan bulan bersinar terang.",book_en_410_page_1_1.m4a,
page,2,book_en_410_page_2,wordwrap,
paragraph
sentence,book_en_410_page_2_1.m4a,0,
word,0,4.080,Cahaya bulan yang terang mengejutkan seekor anjing.,book_en_410_page_2_1.m4a,
page,3,book_en_410_page_3,wordwrap,
paragraph
sentence,book_en_410_page_3_1.m4a,0,
word,0,7.368,Anjing itu ingat sudah tiba masa untuk bermain. Ia berlari di padang di bawah cahaya bulan.,book_en_410_page_3_1.m4a,
page,4,book_en_410_page_4,wordwrap,
paragraph
sentence,book_en_410_page_4_1.m4a,0,
word,0,11.616,"Anjing itu berjumpa dengan seekor kelip-kelip. Anjing itu gembira melihat kelip-kelip itu lalu berkata, “Kamu tidak tidur. Mari kita bermain.”",book_en_410_page_4_1.m4a,
page,5,book_en_410_page_5,wordwrap,
paragraph
sentence,book_en_410_page_5_1.m4a,0,
word,0,8.184,"Anjing itu berjumpa juga dengan seekor kelawar yang belum tidur. “Mari kita bermain,” kata anjing itu.",book_en_410_page_5_1.m4a,
page,6,book_en_410_page_6,wordwrap,
paragraph
sentence,book_en_410_page_6_1.m4a,0,
word,0,6.912,Anjing itu berlari dan melihat seekor musang. Anjing itu mengajak musang bermain.,book_en_410_page_6_1.m4a,
page,7,book_en_410_page_7,wordwrap,
paragraph
sentence,book_en_410_page_7_1.m4a,0,
word,0,10.056,Anjing itu lihat burung hantu di atas pokok. Anjing itu gembira melihat burung hantu. Ia mengajak burung hantu bermain.,book_en_410_page_7_1.m4a,
page,8,book_en_410_page_8,wordwrap,
paragraph
sentence,book_en_410_page_8_1.m4a,0,
word,0,6.096,Anjing itu berjumpa dengan seekor cengkerik. Ia mengajak cengkerik bermain.,book_en_410_page_8_1.m4a,
page,9,book_en_410_page_9,wordwrap,
paragraph
sentence,book_en_410_page_9_1.m4a,0,
word,0,11.304,"Anjing itu tidak tahu haiwan-haiwan itu tidak tidur pada waktu malam. “Kami tidur pada waktu siang. Kami ialah haiwan malam,” kata mereka.",book_en_410_page_9_1.m4a,
page,10,book_en_410_page_10,wordwrap,
paragraph
sentence,book_en_410_page_10_1.m4a,0,
word,0,5.544,"Tidak lama kemudian, anjing itu penat. Ia pulang kepada ibunya.",book_en_410_page_10_1.m4a,
page,11,book_en_410_page_11,wordwrap,
paragraph
sentence,book_en_410_page_11_1.m4a,0,
word,0,3.288,"Akhirnya, anjing itu tidur semula.",book_en_410_page_11_1.m4a,
